"stat";"reaktor";"stav";"kapacita";"start";"dostaveno";"zavreno";"lat";"long";"platz"
"Argentina";"ATUCHA-1";"funkèní";362;1968;1974;;"-33.9669";"-59.2086";"LIMA"
"Argentina";"ATUCHA-2";"funkèní";745;1981;2014;;"-33.9669";"-59.2086";"LIMA"
"Argentina";"ATUCHA-3";"plánovaná";750;2018;2025;;"-33.9669";"-59.2086";"LIMA"
"Argentina";"5th unit";"plánovaná";1150;2020;2026;;;;"-"
"Argentina";"EMBALSE";"funkèní";648;1974;1983;;"-32.2315";"-64.4423";"EMBALSE"
"Argentina";"CAREM25";"výstavba";29;2014;;;"-33.9675";"-59.205";"LIMA"
"Arménie";"ARMENIAN-1";"uzavøená";408;1969;1976;;"40.1813";"44.1472";"METSAMOR"
"Arménie";"ARMENIAN-2";"funkèní";408;1975;1980;;"40.1813";"44.1472";"METSAMOR"
"Arménie";"ARMENIAN-3";"plánovaná";1060;2018;;;"40.1813";"44.1472";
"Bangladéš";"ROOPPUR-1";"výstavba";1200;2017;;;;;"PABNA"
"Bangladéš";"ROOPPUR-2";"plánovaná";1200;2018;;;;;"PABNA"
"Bìlorusko";"BELARUSIAN-1";"výstavba";1194;2013;;;"54.76111";"26.08917";"Ostrovets"
"Bìlorusko";"BELARUSIAN-2";"výstavba";1194;2014;;;"54.76111";"26.08917";"Ostrovets"
"Belgie";"DOEL-1";"funkèní";454;1969;1974;;"51.3227";"4.25868";"DOEL-BEVEREN"
"Belgie";"DOEL-2";"funkèní";454;1971;1975;;"51.3227";"4.25868";"DOEL-BEVEREN"
"Belgie";"DOEL-3";"funkèní";1056;1975;1982;;"51.3227";"4.25868";"DOEL-BEVEREN"
"Belgie";"DOEL-4";"funkèní";1090;1978;1985;;"51.3227";"4.25868";"DOEL-BEVEREN"
"Belgie";"TIHANGE-1";"funkèní";1009;1970;1975;;"50.5333";"5.271";"TIHANGE"
"Belgie";"TIHANGE-2";"funkèní";1055;1976;1982;;"50.5333";"5.271";"TIHANGE"
"Belgie";"TIHANGE-3";"funkèní";1089;1978;1985;;"50.5333";"5.271";"TIHANGE"
"Belgie";"BR-3";"uzavøená";12;1957;1962;1987;"51.21852";"5.09324";"MOL"
"Brazílie";"ANGRA-1";"funkèní";640;1971;1982;;"-23.008";"-44.4567";"ANGRA DOS-REIS"
"Brazílie";"ANGRA-2";"funkèní";1350;1976;2000;;"-23.008";"-44.4567";"ANGRA DOS-REIS"
"Brazílie";"ANGRA-3";"výstavba";1405;2010;;;"-23.008";"-44.4567";"ANGRA DOS-REIS"
"Bulharsko";"KOZLODUY-1";"uzavøená";440;1970;1974;2002;"43.74611";"23.77056";"VRATZA"
"Bulharsko";"KOZLODUY-2";"uzavøená";440;1970;1975;2002;"43.74611";"23.77056";"VRATZA"
"Bulharsko";"KOZLODUY-3";"uzavøená";440;1973;1980;2006;"43.74611";"23.77056";"VRATZA"
"Bulharsko";"KOZLODUY-4";"uzavøená";440;1973;1982;2006;"43.74611";"23.77056";"VRATZA"
"Bulharsko";"KOZLODUY-5";"funkèní";1000;1980;1987;;"43.74611";"23.77056";"VRATZA"
"Bulharsko";"KOZLODUY-6";"funkèní";1000;1982;1991;;"43.74611";"23.77056";"VRATZA"
"Bulharsko";"KOZLODUY-7";"plánovaná";1200;2020;;;"43.74611";"23.77056";"VRATZA"
"Kanada";"BRUCE-1";"funkèní";830;1971;1977;;"44.3416";"-81.57";"TIVERTON"
"Kanada";"BRUCE-2";"funkèní";830;1970;1976;;"44.3416";"-81.57";"TIVERTON"
"Kanada";"BRUCE-3";"funkèní";830;1972;1977;;"44.3416";"-81.57";"TIVERTON"
"Kanada";"BRUCE-4";"funkèní";830;1972;1978;;"44.3416";"-81.57";"TIVERTON"
"Kanada";"BRUCE-5";"funkèní";872;1978;1984;;"44.3416";"-81.57";"TIVERTON"
"Kanada";"BRUCE-6";"funkèní";891;1978;1984;;"44.3416";"-81.57";"TIVERTON"
"Kanada";"BRUCE-7";"funkèní";872;1979;1986;;"44.3416";"-81.57";"TIVERTON"
"Kanada";"BRUCE-8";"funkèní";872;1979;1987;;"44.3416";"-81.57";"TIVERTON"
"Kanada";"DARLINGTON-1";"funkèní";934;1981;1990;;"43.867";"-78.7244";"TOWN OF NEWCASTLE"
"Kanada";"DARLINGTON-2";"funkèní";934;1981;1990;;"43.867";"-78.7244";"TOWN OF NEWCASTLE"
"Kanada";"DARLINGTON-3";"funkèní";934;1984;1992;;"43.867";"-78.7244";"TOWN OF NEWCASTLE"
"Kanada";"DARLINGTON-4";"funkèní";934;1985;1993;;"43.867";"-78.7244";"TOWN OF NEWCASTLE"
"Kanada";"DOUGLAS POINT";"uzavøená";218;1960;1967;1984;"44.32667";"-81.6";"TIVERTON"
"Kanada";"GENTILLY-1";"uzavøená";266;1966;1971;1977;"46.3941";"-72.3553";"BECANCOUR"
"Kanada";"GENTILLY-2";"uzavøená";675;1974;1982;2012;"46.3941";"-72.3553";"BECANCOUR"
"Kanada";"PICKERING-1";"funkèní";542;1966;1971;;"43.8116";"-79.0695";"PICKERING"
"Kanada";"PICKERING-2";"uzavøená";542;1966;1971;2007;"43.8116";"-79.0695";"PICKERING"
"Kanada";"PICKERING-3";"uzavøená";542;1967;1972;2008;"43.8116";"-79.0695";"PICKERING"
"Kanada";"PICKERING-4";"funkèní";542;1968;1973;;"43.8116";"-79.0695";"PICKERING"
"Kanada";"PICKERING-5";"funkèní";540;1974;1982;;"43.8116";"-79.0695";"PICKERING"
"Kanada";"PICKERING-6";"funkèní";540;1975;1983;;"43.8116";"-79.0695";"PICKERING"
"Kanada";"PICKERING-7";"funkèní";540;1976;1984;;"43.8116";"-79.0695";"PICKERING"
"Kanada";"PICKERING-8";"funkèní";540;1976;1986;;"43.8116";"-79.0695";"PICKERING"
"Kanada";"POINT LEPREAU";"funkèní";705;1975;1982;;"45.068";"-66.4554";"SAINT JOHN"
"Kanada";"ROLPHTON NPD";"uzavøená";25;1958;1962;1987;"46.18667";"-77.65778";"ROLPHTON"
"Èesko";"DUKOVANY-1";"funkèní";500;1979;1985;;"49.0893";"16.1491";"DUKOVANY"
"Èesko";"DUKOVANY-2";"funkèní";500;1979;1986;;"49.0893";"16.1491";"DUKOVANY"
"Èesko";"DUKOVANY-3";"funkèní";500;1979;1986;;"49.0893";"16.1491";"DUKOVANY"
"Èesko";"DUKOVANY-4";"funkèní";500;1979;1987;;"49.0893";"16.1491";"DUKOVANY"
"Èesko";"TEMELIN-1";"funkèní";1080;1987;2000;;"49.1812";"14.3771";"TEMELIN"
"Èesko";"TEMELIN-2";"funkèní";1080;1987;2002;;"49.1812";"14.3771";"TEMELIN"
"Finsko";"LOVIISA-1";"funkèní";531;1971;1977;;"60.3715";"26.3423";"LOVIISA"
"Finsko";"LOVIISA-2";"funkèní";526;1972;1980;;"60.3715";"26.3423";"LOVIISA"
"Finsko";"OLKILUOTO-1";"funkèní";910;1974;1978;;"61.2354";"21.44083";"OLKILUOTO"
"Finsko";"OLKILUOTO-2";"funkèní";910;1975;1980;;"61.2354";"21.44083";"OLKILUOTO"
"Finsko";"OLKILUOTO-3";"výstavba";1720;2005;;;"61.2354";"21.44083";"OLKILUOTO"
"Finsko";"HANHIKIVI-1";"plánovaná";1250;2019;;;;;"Pyhäjoki"
"Francie";"BELLEVILLE-1";"funkèní";1363;1980;1987;;"47.5105";"2.87116";"LERE"
"Francie";"BELLEVILLE-2";"funkèní";1363;1980;1988;;"47.5105";"2.87116";"LERE"
"Francie";"BLAYAIS-1";"funkèní";951;1977;1981;;"45.2562";"-0.69129";"BRAUD ST.LOUIS"
"Francie";"BLAYAIS-2";"funkèní";951;1977;1982;;"45.2562";"-0.69129";"BRAUD ST.LOUIS"
"Francie";"BLAYAIS-3";"funkèní";951;1978;1983;;"45.2562";"-0.69129";"BRAUD ST.LOUIS"
"Francie";"BLAYAIS-4";"funkèní";951;1978;1983;;"45.2562";"-0.69129";"BRAUD ST.LOUIS"
"Francie";"BUGEY-1";"uzavøená";555;1965;1972;1994;"45.325278";"5.270833";"ST.VULBAS"
"Francie";"BUGEY-2";"funkèní";945;1972;1978;;"45.325278";"5.270833";"ST.VULBAS"
"Francie";"BUGEY-3";"funkèní";945;1973;1978;;"45.325278";"5.270833";"ST.VULBAS"
"Francie";"BUGEY-4";"funkèní";917;1974;1979;;"45.325278";"5.270833";"ST.VULBAS"
"Francie";"BUGEY-5";"funkèní";917;1974;1979;;"45.325278";"5.270833";"ST.VULBAS"
"Francie";"CATTENOM-1";"funkèní";1362;1979;1986;;"49.4164";"6.21737";"CATTENOM"
"Francie";"CATTENOM-2";"funkèní";1362;1980;1987;;"49.4164";"6.21737";"CATTENOM"
"Francie";"CATTENOM-3";"funkèní";1362;1982;1990;;"49.4164";"6.21737";"CATTENOM"
"Francie";"CATTENOM-4";"funkèní";1362;1983;1991;;"49.4164";"6.21737";"CATTENOM"
"Francie";"CHINON A-1";"uzavøená";80;1957;1963;1973;"47.230556";"0.170556";"AVOINE"
"Francie";"CHINON A-2";"uzavøená";230;1959;1965;1985;"47.230556";"0.170556";"AVOINE"
"Francie";"CHINON A-3";"uzavøená";480;1961;1966;1990;"47.230556";"0.170556";"AVOINE"
"Francie";"CHINON B-1";"funkèní";954;1977;1982;;"47.230556";"0.170556";"AVOINE"
"Francie";"CHINON B-2";"funkèní";954;1977;1983;;"47.230556";"0.170556";"AVOINE"
"Francie";"CHINON B-3";"funkèní";954;1980;1986;;"47.230556";"0.170556";"AVOINE"
"Francie";"CHINON B-4";"funkèní";954;1981;1987;;"47.230556";"0.170556";"AVOINE"
"Francie";"CHOOZ B-1";"funkèní";1560;1984;1996;;"50.09";"4.789444";"CHOOZ"
"Francie";"CHOOZ B-2";"funkèní";1560;1985;1997;;"50.09";"4.789444";"CHOOZ"
"Francie";"CHOOZ-A (ARDENNES)";"uzavøená";320;1962;1967;1991;"50.09";"4.789444";"CHOOZ"
"Francie";"CIVAUX-1";"funkèní";1561;1988;1997;;"46.4566";"0.65446";"CIVAUX"
"Francie";"CIVAUX-2";"funkèní";1561;1991;1999;;"46.4566";"0.65446";"CIVAUX"
"Francie";"CRUAS-1";"funkèní";956;1978;1983;;"44.6336";"4.75652";"CRUAS"
"Francie";"CRUAS-2";"funkèní";956;1978;1984;;"44.6336";"4.75652";"CRUAS"
"Francie";"CRUAS-3";"funkèní";956;1979;1984;;"44.6336";"4.75652";"CRUAS"
"Francie";"CRUAS-4";"funkèní";956;1979;1984;;"44.6336";"4.75652";"CRUAS"
"Francie";"DAMPIERRE-1";"funkèní";937;1975;1980;;"47.7323";"2.51311";"DAMPIERRE-EN-BURLY"
"Francie";"DAMPIERRE-2";"funkèní";937;1975;1980;;"47.7323";"2.51311";"DAMPIERRE-EN-BURLY"
"Francie";"DAMPIERRE-3";"funkèní";937;1975;1981;;"47.7323";"2.51311";"DAMPIERRE-EN-BURLY"
"Francie";"DAMPIERRE-4";"funkèní";937;1975;1981;;"47.7323";"2.51311";"DAMPIERRE-EN-BURLY"
"Francie";"EL-4 (MONTS D'ARREE)";"uzavøená";75;1962;1967;1985;"48.3533";"-3.8722";"BRENNILIS"
"Francie";"FESSENHEIM-1";"funkèní";920;1971;1977;;"47.903";"7.56437";"FESSENHEIM"
"Francie";"FESSENHEIM-2";"funkèní";920;1972;1977;;"47.903";"7.56437";"FESSENHEIM"
"Francie";"FLAMANVILLE-1";"funkèní";1382;1979;1985;;"49.5367";"-1.88112";"FLAMANVILLE"
"Francie";"FLAMANVILLE-2";"funkèní";1382;1980;1986;;"49.5367";"-1.88112";"FLAMANVILLE"
"Francie";"FLAMANVILLE-3";"výstavba";1650;2007;;;"49.5367";"-1.88112";"FLAMANVILLE"
"Francie";"G-2 (MARCOULE)";"uzavøená";43;1955;1959;1980;"44.14333";"4.70944";"MARCOULE"
"Francie";"G-3 (MARCOULE)";"uzavøená";43;1956;1960;1984;"44.14333";"4.70944";"MARCOULE"
"Francie";"GOLFECH-1";"funkèní";1363;1982;1990;;"44.1046";"0.84536";"GOLFECH"
"Francie";"GOLFECH-2";"funkèní";1363;1984;1993;;"44.1046";"0.84536";"GOLFECH"
"Francie";"GRAVELINES-1";"funkèní";951;1975;1980;;"51.0139";"2.13752";"GRAVELINES"
"Francie";"GRAVELINES-2";"funkèní";951;1975;1980;;"51.0139";"2.13752";"GRAVELINES"
"Francie";"GRAVELINES-3";"funkèní";951;1975;1980;;"51.0139";"2.13752";"GRAVELINES"
"Francie";"GRAVELINES-4";"funkèní";951;1976;1981;;"51.0139";"2.13752";"GRAVELINES"
"Francie";"GRAVELINES-5";"funkèní";951;1979;1984;;"51.0139";"2.13752";"GRAVELINES"
"Francie";"GRAVELINES-6";"funkèní";951;1979;1985;;"51.0139";"2.13752";"GRAVELINES"
"Francie";"NOGENT-1";"funkèní";1363;1981;1987;;"48.517";"3.52004";"NOGENT-SUR-SEINE"
"Francie";"NOGENT-2";"funkèní";1363;1982;1988;;"48.517";"3.52004";"NOGENT-SUR-SEINE"
"Francie";"PALUEL-1";"funkèní";1382;1977;1984;;"49.8569";"0.63529";"PALUEL"
"Francie";"PALUEL-2";"funkèní";1382;1978;1984;;"49.8569";"0.63529";"PALUEL"
"Francie";"PALUEL-3";"funkèní";1382;1979;1985;;"49.8569";"0.63529";"PALUEL"
"Francie";"PALUEL-4";"funkèní";1382;1980;1986;;"49.8569";"0.63529";"PALUEL"
"Francie";"PENLY-1";"funkèní";1382;1982;1990;;"49.975";"1.21494";"PENLY"
"Francie";"PENLY-2";"funkèní";1382;1984;1992;;"49.975";"1.21494";"PENLY"
"Francie";"PHENIX";"uzavøená";142;1968;1973;2010;"44.14333";"4.71167";"MARCOULE"
"Francie";"ST. ALBAN-1";"funkèní";1381;1979;1985;;"45.404";"4.75397";"SAINT-MAURICE-L'EXIL"
"Francie";"ST. ALBAN-2";"funkèní";1381;1979;1986;;"45.404";"4.75397";"SAINT-MAURICE-L'EXIL"
"Francie";"ST. LAURENT A-1";"uzavøená";500;1963;1969;1990;"47.72";"1.5775";"ST. LAURENT DES EAUX"
"Francie";"ST. LAURENT A-2";"uzavøená";530;1966;1971;1992;"47.72";"1.5775";"ST. LAURENT DES EAUX"
"Francie";"ST. LAURENT B-1";"funkèní";956;1976;1981;;"47.72";"1.5775";"ST. LAURENT DES EAUX"
"Francie";"ST. LAURENT B-2";"funkèní";956;1976;1981;;"47.72";"1.5775";"ST. LAURENT DES EAUX"
"Francie";"SUPER-PHENIX";"uzavøená";1242;1976;1986;1998;"45.75833";"5.47222";"CREYS-MALVILLE"
"Francie";"TRICASTIN-1";"funkèní";955;1974;1980;;"44.3297";"4.73318";"PIERRELATTE"
"Francie";"TRICASTIN-2";"funkèní";955;1974;1980;;"44.3297";"4.73318";"PIERRELATTE"
"Francie";"TRICASTIN-3";"funkèní";955;1975;1981;;"44.3297";"4.73318";"PIERRELATTE"
"Francie";"TRICASTIN-4";"funkèní";955;1975;1981;;"44.3297";"4.73318";"PIERRELATTE"
"Nìmecko";"AVR JUELICH";"uzavøená";15;1961;1967;1988;"50.90306";"6.4212";"JUELICH"
"Nìmecko";"BIBLIS-A";"uzavøená";1225;1970;1974;2011;"49.70889";"8.41285";"BIBLIS"
"Nìmecko";"BIBLIS-B";"uzavøená";1300;1972;1976;2011;"49.70889";"8.41285";"BIBLIS"
"Nìmecko";"BROKDORF";"funkèní";1480;1976;1986;;"53.85";"9.34455";"OSTERENDE"
"Nìmecko";"BRUNSBUETTEL";"uzavøená";806;1970;1976;2011;"53.8912";"9.2012";"BRUNSBUETTEL"
"Nìmecko";"EMSLAND";"funkèní";1406;1982;1988;;"52.4706";"7.32177";"LINGEN (EMS)"
"Nìmecko";"GRAFENRHEINFELD";"uzavøená";1345;1975;1981;2015;"49.984";"10.1847";"SCHWEINFURT"
"Nìmecko";"GREIFSWALD-1";"uzavøená";440;1970;1973;1989;"54.1412";"13.66442";"GREIFSWALD"
"Nìmecko";"GREIFSWALD-2";"uzavøená";440;1970;1974;1990;"54.1412";"13.66442";"GREIFSWALD"
"Nìmecko";"GREIFSWALD-3";"uzavøená";440;1972;1977;1990;"54.1412";"13.66442";"GREIFSWALD"
"Nìmecko";"GREIFSWALD-4";"uzavøená";440;1972;1979;1990;"54.1412";"13.66442";"GREIFSWALD"
"Nìmecko";"GREIFSWALD-5";"uzavøená";440;1976;1989;1990;"54.1412";"13.66442";"GREIFSWALD"
"Nìmecko";"GROHNDE";"funkèní";1430;1976;1984;;"52.0345";"9.41";"GROHNDE"
"Nìmecko";"GUNDREMMINGEN-A";"uzavøená";250;1962;1966;1977;"48.51325";"10.40232";"GUNDREMMINGEN"
"Nìmecko";"GUNDREMMINGEN-B";"uzavøená";1344;1976;1984;2017;"48.51325";"10.40232";"GUNDREMMINGEN"
"Nìmecko";"GUNDREMMINGEN-C";"funkèní";1344;1976;1984;;"48.51325";"10.40232";"GUNDREMMINGEN"
"Nìmecko";"HDR GROSSWELZHEIM";"uzavøená";27;1965;1969;1971;"50.05814";"8.98713";"KARLSTEIN"
"Nìmecko";"ISAR-1";"uzavøená";912;1972;1977;2011;"48.6043";"12.2972";"ESSENBACH"
"Nìmecko";"ISAR-2";"funkèní";1485;1982;1988;;"48.6043";"12.2972";"ESSENBACH"
"Nìmecko";"KNK II";"uzavøená";21;1974;1978;1991;"49.00934";"8.43289";"EGGENSTEIN"
"Nìmecko";"KRUEMMEL";"uzavøená";1402;1974;1983;2011;"53.41";"10.40889";"GEESTHACHT"
"Nìmecko";"LINGEN";"uzavøená";268;1964;1968;1977;"52.4833";"7.3004";"LINGEN"
"Nìmecko";"MUELHEIM-KAERLICH";"uzavøená";1302;1975;1986;1988;"50.4086";"7.486";"MULHEIM-KAERLICH"
"Nìmecko";"MZFR";"uzavøená";57;1961;1966;1984;"49.10431";"8.43259";"KARLSRUHE"
"Nìmecko";"NECKARWESTHEIM-1";"uzavøená";840;1972;1976;2011;"49.0401";"9.17175";"NECKARWESTHEIM"
"Nìmecko";"NECKARWESTHEIM-2";"funkèní";1400;1982;1989;;"49.0401";"9.17175";"NECKARWESTHEIM"
"Nìmecko";"NIEDERAICHBACH";"uzavøená";106;1966;1973;1974;"48.60463";"12.30399";"KARLSTEIN"
"Nìmecko";"OBRIGHEIM";"uzavøená";357;1965;1968;2005;"49.36444";"9.07639";"OBRIGHEIM"
"Nìmecko";"PHILIPPSBURG-1";"uzavøená";926;1970;1979;2011;"49.25312";"8.4338";"PHILIPPSBURG"
"Nìmecko";"PHILIPPSBURG-2";"funkèní";1468;1977;1984;;"49.25312";"8.4338";"PHILIPPSBURG"
"Nìmecko";"RHEINSBERG";"uzavøená";70;1960;1966;1990;"53.14699";"12.99015";"GRANSEE"
"Nìmecko";"STADE";"uzavøená";672;1967;1972;2003;"53.62";"9.53083";"STADE"
"Nìmecko";"THTR-300";"uzavøená";308;1971;1985;1988;"51.6792";"7.9716";"HAMM-UENTROP"
"Nìmecko";"UNTERWESER";"uzavøená";1410;1972;1978;2011;"53.4294";"8.4775";"STADLAND"
"Nìmecko";"VAK KAHL";"uzavøená";16;1958;1961;1985;"50.0592";"8.98718";"KAHL"
"Nìmecko";"WUERGASSEN";"uzavøená";670;1968;1971;1994;"51.63965";"9.39156";"WUERGASSEN"
"Maïarsko";"PAKS-1";"funkèní";500;1974;1982;;"46.574";"18.85516";"PAKS"
"Maïarsko";"PAKS-2";"funkèní";500;1974;1984;;"46.574";"18.85516";"PAKS"
"Maïarsko";"PAKS-3";"funkèní";500;1979;1986;;"46.574";"18.85516";"PAKS"
"Maïarsko";"PAKS-4";"funkèní";500;1979;1987;;"46.574";"18.85516";"PAKS"
"Indie";"CHUTKA-1";"plánovaná";700;2018;;;;;"Madhya Pradesh (Mandla)"
"Indie";"CHUTKA-2";"plánovaná";700;2018;;;;;"Madhya Pradesh (Mandla)"
"Indie";"GORAKHPUR-1";"plánovaná";700;2019;;;;;"Haryana (Fatehabad district)"
"Indie";"GORAKHPUR-2";"plánovaná";700;2020;;;;;"Haryana (Fatehabad district)"
"Indie";"GORAKHPUR-3";"plánovaná";700;2019;;;;;"Haryana (Fatehabad district)"
"Indie";"GORAKHPUR-4";"plánovaná";700;2019;;;;;"Haryana (Fatehabad district)"
"Indie";"JAITAPUR-1";"plánovaná";1700;2018;;;;;"Ratnagiri, Maharashtra"
"Indie";"JAITAPUR-2";"plánovaná";1700;2018;;;;;"Ratnagiri, Maharashtra"
"Indie";"KAIGA-1";"funkèní";220;1989;2000;;"14.8652";"74.4381";"KAIGA"
"Indie";"KAIGA-2";"funkèní";220;1989;1999;;"14.8652";"74.4381";"KAIGA"
"Indie";"KAIGA-3";"funkèní";220;2002;2007;;"14.8652";"74.4381";"KAIGA"
"Indie";"KAIGA-4";"funkèní";220;2002;2011;;"14.8652";"74.4381";"KAIGA"
"Indie";"KAIGA-5";"plánovaná";700;2018;;;"14.8652";"74.4381";"KAIGA"
"Indie";"KAIGA-6";"plánovaná";700;2018;;;"14.8652";"74.4381";"KAIGA"
"Indie";"KALPAKKAM-2";"plánovaná";600;2018;;;;;"Tamil Nadu"
"Indie";"KALPAKKAM-3";"plánovaná";600;2018;;;;;"Tamil Nadu"
"Indie";"KAKRAPAR-1";"funkèní";220;1984;1992;;"21.2355";"73.3507";"SURAT"
"Indie";"KAKRAPAR-2";"funkèní";220;1985;1995;;"21.2355";"73.3507";"SURAT"
"Indie";"KAKRAPAR-3";"výstavba";700;2010;;;"21.23861";"73.35";"SURAT"
"Indie";"KAKRAPAR-4";"výstavba";700;2010;;;"21.23861";"73.35";"SURAT"
"Indie";"KOVVADA-1";"plánovaná";1250;2018;;;;;"Srikakulam, Andhra Pradesh"
"Indie";"KOVVADA-2";"plánovaná";1250;2018;;;;;"Srikakulam, Andhra Pradesh"
"Indie";"KOVVADA-3";"plánovaná";1250;2020;;;;;"Srikakulam, Andhra Pradesh"
"Indie";"KOVVADA-4";"plánovaná";1250;2020;;;;;"Srikakulam, Andhra Pradesh"
"Indie";"KOVVADA-5";"plánovaná";1250;2022;;;;;"Srikakulam, Andhra Pradesh"
"Indie";"KOVVADA-6";"plánovaná";1250;2022;;;;;"Srikakulam, Andhra Pradesh"
"Indie";"KUDANKULAM-1";"funkèní";1000;2002;2013;;"8.16889";"77.7125";"Tirunellveli-Kattabomman"
"Indie";"KUDANKULAM-2";"funkèní";1000;2002;2016;;"8.16889";"77.7125";"Tirunellveli-Kattabomman"
"Indie";"KUDANKULAM-3";"výstavba";1000;2017;;;"8.16889";"77.7125";"Tirunellveli-Kattabomman"
"Indie";"KUDANKULAM-4";"plánovaná";1050;2018;;;"8.16889";"77.7125";"Tirunellveli-Kattabomman"
"Indie";"KUDANKULAM-5";"plánovaná";1050;2019;;;"8.16889";"77.7125";"Tirunellveli-Kattabomman"
"Indie";"KUDANKULAM-6";"plánovaná";1050;2019;;;"8.16889";"77.7125";"Tirunellveli-Kattabomman"
"Indie";"MADRAS-1";"funkèní";220;1971;1983;;"12.5575";"80.175";"MADRAS"
"Indie";"MADRAS-2";"funkèní";220;1972;1985;;"12.5575";"80.175";"MADRAS"
"Indie";"MAHI-BANSWARA-1";"plánovaná";700;2018;;;;;"Rajasthan"
"Indie";"MAHI-BANSWARA-2";"plánovaná";700;2018;;;;;"Rajasthan"
"Indie";"MAHI-BANSWARA-3";"plánovaná";700;2018;;;;;"Rajasthan"
"Indie";"MAHI-BANSWARA-4";"plánovaná";700;2018;;;;;"Rajasthan"
"Indie";"NARORA-1";"funkèní";220;1976;1989;;"28.1559";"78.4092";"NARORA"
"Indie";"NARORA-2";"funkèní";220;1977;1992;;"28.1559";"78.4092";"NARORA"
"Indie";"KALPAKKAM PFBR";"výstavba";500;2004;;;"12.55306";"80.17333";"MADRAS"
"Indie";"RAJASTHAN-1";"funkèní";100;1965;1972;;"24.8762";"75.6083";"KOTA"
"Indie";"RAJASTHAN-2";"funkèní";200;1968;1980;;"24.8762";"75.6083";"KOTA"
"Indie";"RAJASTHAN-3";"funkèní";220;1990;2000;;"24.8762";"75.6083";"KOTA"
"Indie";"RAJASTHAN-4";"funkèní";220;1990;2000;;"24.8762";"75.6083";"KOTA"
"Indie";"RAJASTHAN-5";"funkèní";220;2002;2009;;"24.8762";"75.6083";"KOTA"
"Indie";"RAJASTHAN-6";"funkèní";220;2003;2010;;"24.8762";"75.6083";"KOTA"
"Indie";"RAJASTHAN-7";"výstavba";700;2011;;;"24.87222";"75.61389";"KOTA"
"Indie";"RAJASTHAN-8";"výstavba";700;2011;;;"24.87222";"75.61389";"KOTA"
"Indie";"TARAPUR-1";"funkèní";160;1964;1969;;"19.8343";"72.6567";"BOISAR"
"Indie";"TARAPUR-2";"funkèní";160;1964;1969;;"19.8343";"72.6567";"BOISAR"
"Indie";"TARAPUR-3";"funkèní";540;2000;2006;;"19.8343";"72.6567";"BOISAR"
"Indie";"TARAPUR-4";"funkèní";540;2000;2005;;"19.8343";"72.6567";"BOISAR"
"Írán";"BUSHEHR-1";"funkèní";1000;1975;2011;;"28.82962";"50.88596";"HALILEH"
"Írán";"BUSHEHR-2";"plánovaná";1057;2017;;;"28.82962";"50.88596";"HALILEH"
"Írán";"BUSHEHR-3";"plánovaná";1057;2020;;;"28.82962";"50.88596";"HALILEH"
"Írán";"MAKRAN";"plánovaná";100;2018;;;;;"Makran coast"
"Itálie";"CAORSO";"uzavøená";882;1970;1978;1990;"45.07206";"9.87214";"CAORSO"
"Itálie";"ENRICO FERMI";"uzavøená";270;1961;1964;1990;"41.96278";"-83.2575";"TRINO VERCELLESE"
"Itálie";"GARIGLIANO";"uzavøená";160;1959;1964;1982;"41.25849";"13.83492";"SESSA AURUNEA"
"Itálie";"LATINA";"uzavøená";160;1958;1963;1987;"41.42529";"12.80725";"BORGO SABOTINO"
"Japonsko";"FUGEN ATR";"uzavøená";165;1972;1978;2003;"35.75444";"136.01639";"TSURUGA"
"Japonsko";"FUKUSHIMA-DAIICHI-1";"uzavøená";460;1967;1970;2011;"37.4217";"141.031";"OHKUMA-MACHI"
"Japonsko";"FUKUSHIMA-DAIICHI-2";"uzavøená";784;1969;1973;2011;"37.4217";"141.031";"OHKUMA-MACHI"
"Japonsko";"FUKUSHIMA-DAIICHI-3";"uzavøená";784;1970;1974;2011;"37.4217";"141.031";"OHKUMA-MACHI"
"Japonsko";"FUKUSHIMA-DAIICHI-4";"uzavøená";784;1973;1978;2011;"37.4217";"141.031";"OHKUMA-MACHI"
"Japonsko";"FUKUSHIMA-DAIICHI-5";"uzavøená";784;1972;1977;2013;"37.4217";"141.031";"OHKUMA-MACHI"
"Japonsko";"FUKUSHIMA-DAIICHI-6";"uzavøená";1100;1973;1979;2013;"37.4217";"141.031";"OHKUMA-MACHI"
"Japonsko";"FUKUSHIMA-DAINI-1";"funkèní";1100;1976;1981;;"37.3153";"141.024";"NARAHA-MACHI"
"Japonsko";"FUKUSHIMA-DAINI-2";"funkèní";1100;1979;1983;;"37.3153";"141.024";"NARAHA-MACHI"
"Japonsko";"FUKUSHIMA-DAINI-3";"funkèní";1100;1981;1984;;"37.3153";"141.024";"NARAHA-MACHI"
"Japonsko";"FUKUSHIMA-DAINI-4";"funkèní";1100;1981;1986;;"37.3153";"141.024";"NARAHA-MACHI"
"Japonsko";"GENKAI-1";"uzavøená";559;1971;1975;2015;"33.5179";"129.837";"GENKAI-CHO"
"Japonsko";"GENKAI-2";"funkèní";559;1977;1980;;"33.5179";"129.837";"GENKAI-CHO"
"Japonsko";"GENKAI-3";"funkèní";1180;1988;1993;;"33.5179";"129.837";"GENKAI-CHO"
"Japonsko";"GENKAI-4";"funkèní";1180;1992;1996;;"33.5179";"129.837";"GENKAI-CHO"
"Japonsko";"HAMAOKA-1";"uzavøená";540;1971;1974;2009;"34.62361";"138.1425";"OMAEZAKI-SHI"
"Japonsko";"HAMAOKA-2";"uzavøená";840;1974;1978;2009;"34.62361";"138.1425";"OMAEZAKI-SHI"
"Japonsko";"HAMAOKA-3";"funkèní";1100;1983;1987;;"34.62361";"138.1425";"OMAEZAKI-SHI"
"Japonsko";"HAMAOKA-4";"funkèní";1137;1989;1993;;"34.62361";"138.1425";"OMAEZAKI-SHI"
"Japonsko";"HAMAOKA-5";"funkèní";1380;2000;2004;;"34.62361";"138.1425";"OMAEZAKI-SHI"
"Japonsko";"HIGASHI DORI-1 (TOHOKU)";"funkèní";1100;2000;2005;;"41.18806";"141.39028";"Higashidori-mura"
"Japonsko";"IKATA-1";"uzavøená";566;1973;1977;2016;"33.491";"132.309";"IKATA-CHO"
"Japonsko";"IKATA-2";"funkèní";566;1978;1981;;"33.491";"132.309";"IKATA-CHO"
"Japonsko";"IKATA-3";"funkèní";890;1990;1994;;"33.491";"132.309";"IKATA-CHO"
"Japonsko";"JPDR";"uzavøená";13;1960;1963;1976;"36.47297";"140.56611";"TOKAI-MURA"
"Japonsko";"KAMINOSEKI-1";"plánovaná";1373;2012;;;;;"Chugoku"
"Japonsko";"KAMINOSEKI-2";"plánovaná";1373;2018;;;;;"Chugoku"
"Japonsko";"KASHIWAZAKI KARIWA-1";"funkèní";1100;1980;1985;;"37.434";"138.598";"KASHIWAZAKI-SHI"
"Japonsko";"KASHIWAZAKI KARIWA-2";"funkèní";1100;1985;1990;;"37.434";"138.598";"KASHIWAZAKI-SHI"
"Japonsko";"KASHIWAZAKI KARIWA-3";"funkèní";1100;1989;1992;;"37.434";"138.598";"KASHIWAZAKI-SHI"
"Japonsko";"KASHIWAZAKI KARIWA-4";"funkèní";1100;1990;1993;;"37.434";"138.598";"KASHIWAZAKI-SHI"
"Japonsko";"KASHIWAZAKI KARIWA-5";"funkèní";1100;1985;1989;;"37.434";"138.598";"KASHIWAZAKI-SHI"
"Japonsko";"KASHIWAZAKI KARIWA-6";"funkèní";1356;1992;1996;;"37.434";"138.598";"KASHIWAZAKI-SHI"
"Japonsko";"KASHIWAZAKI KARIWA-7";"funkèní";1356;1993;1996;;"37.434";"138.598";"KASHIWAZAKI-SHI"
"Japonsko";"MIHAMA-1";"uzavøená";340;1967;1970;2015;"35.7013";"135.962";"MIHAMA"
"Japonsko";"MIHAMA-2";"uzavøená";500;1968;1972;2015;"35.7013";"135.962";"MIHAMA"
"Japonsko";"MIHAMA-3";"funkèní";826;1972;1976;;"35.7013";"135.962";"MIHAMA"
"Japonsko";"MONJU";"uzavøená";280;1986;1995;2017;"35.73906";"135.98808";"TSURUGA"
"Japonsko";"OHI-1";"funkèní";1175;1972;1977;2013;"35.5437";"135.652";"OHI"
"Japonsko";"OHI-2";"funkèní";1175;1972;1978;;"35.5437";"135.652";"OHI"
"Japonsko";"OHI-3";"funkèní";1180;1987;1991;;"35.5437";"135.652";"OHI"
"Japonsko";"OHI-4";"funkèní";1180;1988;1992;;"35.5437";"135.652";"OHI"
"Japonsko";"OHMA-1";"výstavba";1383;2010;;;"41.50972";"140.91028";"OHMA"
"Japonsko";"ONAGAWA-1";"funkèní";524;1980;1983;;"38.4005";"141.504";"ONAGAWA, ISHINOMAKI"
"Japonsko";"ONAGAWA-2";"funkèní";825;1991;1994;;"38.4005";"141.504";"ONAGAWA, ISHINOMAKI"
"Japonsko";"ONAGAWA-3";"funkèní";825;1998;2001;;"38.4005";"141.504";"ONAGAWA, ISHINOMAKI"
"Japonsko";"SENDAI-1";"funkèní";890;1979;1983;;"31.8339";"130.193";"SATSUMASENDAI"
"Japonsko";"SENDAI-2";"funkèní";890;1981;1985;;"31.8339";"130.193";"SATSUMASENDAI"
"Japonsko";"SENDAI-3";"plánovaná";1590;2014;;;"31.8339";"130.193";"SATSUMASENDAI"
"Japonsko";"SHIKA-1";"funkèní";540;1989;1993;;"37.0611";"136.728";"SHIKA-MACHI"
"Japonsko";"SHIKA-2";"funkèní";1206;2001;2005;;"37.0611";"136.728";"SHIKA-MACHI"
"Japonsko";"SHIMANE-1";"uzavøená";460;1970;1973;2015;"35.5368";"132.999";"MATSUE"
"Japonsko";"SHIMANE-2";"funkèní";820;1985;1988;;"35.5368";"132.999";"MATSUE"
"Japonsko";"SHIMANE-3";"výstavba";1373;2007;;;"35.5368";"132.999";"MATSUE"
"Japonsko";"TAKAHAMA-1";"funkèní";826;1970;1974;;"35.5195";"135.503";"TAKAHAMA"
"Japonsko";"TAKAHAMA-2";"funkèní";826;1971;1975;;"35.5195";"135.503";"TAKAHAMA"
"Japonsko";"TAKAHAMA-3";"funkèní";870;1980;1984;;"35.5195";"135.503";"TAKAHAMA"
"Japonsko";"TAKAHAMA-4";"funkèní";870;1981;1984;;"35.5195";"135.503";"TAKAHAMA"
"Japonsko";"TOKAI-1";"uzavøená";166;1961;1965;1998;"36.46639";"140.60667";"TOKAI MURA"
"Japonsko";"TOKAI-2";"funkèní";1100;1973;1978;;"36.46639";"140.60667";"TOKAI MURA"
"Japonsko";"TOMARI-1";"funkèní";579;1985;1988;;"43.0375";"140.515";"TOMARI VILLAGE"
"Japonsko";"TOMARI-2";"funkèní";579;1985;1990;;"43.0375";"140.515";"TOMARI VILLAGE"
"Japonsko";"TOMARI-3";"funkèní";912;2004;2009;;"43.0375";"140.515";"TOMARI VILLAGE"
"Japonsko";"TSURUGA-1";"uzavøená";357;1966;1969;2015;"35.67247";"136.07913";"TSURUGA CITY"
"Japonsko";"TSURUGA-2";"funkèní";1160;1982;1986;;"35.67247";"136.07913";"TSURUGA CITY"
"Kazachstán";"AKTAU";"uzavøená";90;1964;1973;1999;"43.65";"51.15";"MANGYSTAU"
"Jižní Korea";"HANBIT-1";"funkèní";1032;1981;1986;;"35.3212";"129.295";"Yeonggwang-gun"
"Jižní Korea";"HANBIT-2";"funkèní";1028;1981;1986;;"35.3212";"129.295";"Yeonggwang-gun"
"Jižní Korea";"HANBIT-3";"funkèní";1039;1989;1994;;"35.3212";"129.295";"Yeonggwang-gun"
"Jižní Korea";"HANBIT-4";"funkèní";1022;1990;1995;;"35.3212";"129.295";"Yeonggwang-gun"
"Jižní Korea";"HANBIT-5";"funkèní";1052;1997;2001;;"35.3212";"129.295";"Yeonggwang-gun"
"Jižní Korea";"HANBIT-6";"funkèní";1050;1997;2002;;"35.3212";"129.295";"Yeonggwang-gun"
"Jižní Korea";"HANUL-1";"funkèní";1008;1983;1988;;"35.32714";"129.30174";"Ulchin-gun"
"Jižní Korea";"HANUL-2";"funkèní";1012;1983;1989;;"35.32714";"129.30174";"Ulchin-gun"
"Jižní Korea";"HANUL-3";"funkèní";1049;1993;1998;;"35.32714";"129.30174";"Ulchin-gun"
"Jižní Korea";"HANUL-4";"funkèní";1053;1993;1998;;"35.32714";"129.30174";"Ulchin-gun"
"Jižní Korea";"HANUL-5";"funkèní";1051;1999;2003;;"35.32714";"129.30174";"Ulchin-gun"
"Jižní Korea";"HANUL-6";"funkèní";1051;2000;2005;;"35.32714";"129.30174";"Ulchin-gun"
"Jižní Korea";"KORI-1";"uzavøená";607;1972;1977;2017;"35.72222";"129.47889";"Gijang-gun"
"Jižní Korea";"KORI-2";"funkèní";681;1977;1983;;"35.72222";"129.47889";"Gijang-gun"
"Jižní Korea";"KORI-3";"funkèní";1044;1979;1985;;"35.72222";"129.47889";"Gijang-gun"
"Jižní Korea";"KORI-4";"funkèní";1044;1980;1985;;"35.72222";"129.47889";"Gijang-gun"
"Jižní Korea";"SHIN-HANUL-1";"výstavba";1400;2012;;;"35.7101";"129.476";"Ulchin-gun"
"Jižní Korea";"SHIN-HANUL-2";"výstavba";1400;2013;;;"35.7101";"129.476";"Ulchin-gun"
"Jižní Korea";"SHIN-KORI-1";"funkèní";1044;2006;2010;;"35.415";"126.42389";"Busan & Ulsan"
"Jižní Korea";"SHIN-KORI-2";"funkèní";1046;2007;2012;;"35.415";"126.42389";"Busan & Ulsan"
"Jižní Korea";"SHIN-KORI-3";"funkèní";1455;2008;2016;;"35.415";"126.42389";"Ulsan"
"Jižní Korea";"SHIN-KORI-4";"výstavba";1400;2009;;;"35.415";"126.42389";"Ulsan"
"Jižní Korea";"SHIN-KORI-5";"výstavba";1400;2017;;;"35.415";"126.42389";"Ulsan"
"Jižní Korea";"SHIN-KORI-6";"výstavba";1400;2018;;;"35.415";"126.42389";"Ulsan"
"Jižní Korea";"SHIN-WOLSONG-1";"funkèní";1045;2007;2012;;"37.09278";"129.38361";"Gyeongju-si"
"Jižní Korea";"SHIN-WOLSONG-2";"funkèní";1050;2008;2015;;"37.09278";"129.38361";"Gyeongju-si"
"Jižní Korea";"WOLSONG-1";"funkèní";682;1977;1982;;"35.3199";"129.29005";"Gyeongju-si"
"Jižní Korea";"WOLSONG-2";"funkèní";655;1992;1997;;"35.3199";"129.29005";"Gyeongju-si"
"Jižní Korea";"WOLSONG-3";"funkèní";670;1994;1998;;"35.3199";"129.29005";"Gyeongju-si"
"Jižní Korea";"WOLSONG-4";"funkèní";656;1994;1999;;"35.3199";"129.29005";"Gyeongju-si"
"Jordánsko";"QASR-AMRA-1";"plánovaná";1060;2018;;;;;"Qasr-Amra"
"Litva";"IGNALINA-1";"uzavøená";1300;1977;1983;2004;"55.60444";"26.56";"VISAGINAS"
"Litva";"IGNALINA-2";"uzavøená";1300;1978;1987;2009;"55.60444";"26.56";"VISAGINAS"
"Mexiko";"LAGUNA VERDE-1";"funkèní";805;1976;1989;;"19.7189";"-96.4049";"ALTO LUCERO"
"Mexiko";"LAGUNA VERDE-2";"funkèní";810;1977;1994;;"19.7189";"-96.4049";"ALTO LUCERO"
"Nizozemsko";"BORSSELE";"funkèní";515;1969;1973;;"51.4311";"3.71867";"BORSSELE"
"Nizozemsko";"DODEWAARD";"uzavøená";60;1965;1968;1997;"51.89972";"5.68611";"DODEWAARD"
"Pákistán";"CHASNUPP-1";"funkèní";325;1993;2000;;"32.39028";"71.4625";"KUNDIAN"
"Pákistán";"CHASNUPP-2";"funkèní";325;2005;2011;;"32.39028";"71.4625";"KUNDIAN"
"Pákistán";"CHASNUPP-3";"funkèní";340;2011;2016;;"32.39028";"71.4625";"KUNDIAN"
"Pákistán";"CHASNUPP-4";"funkèní";340;2011;2017;;"32.39028";"71.4625";"KUNDIAN"
"Pákistán";"KANUPP-1";"funkèní";100;1966;1971;;"24.84717";"66.78825";"Karachi"
"Pákistán";"KANUPP-2";"výstavba";1100;2015;;;"24.84717";"66.78825";"Karachi"
"Pákistán";"KANUPP-3";"výstavba";1100;2016;;;"24.84717";"66.78825";"Karachi"
"Polsko";"CHOCZEWO-1";"plánovaná";3000;2023;;;;;"Choczewo"
"Rumunsko";"CERNAVODA-1";"funkèní";706;1982;1996;;"44.3216";"28.0605";"CERNAVODA"
"Rumunsko";"CERNAVODA-2";"funkèní";705;1983;2007;;"44.3216";"28.0605";"CERNAVODA"
"Rusko";"AKADEMIK LOMONOSOV-1";"výstavba";38;2007;;;"52.92028";"158.42472";"PEVEK"
"Rusko";"AKADEMIK LOMONOSOV-2";"výstavba";38;2007;;;"52.92028";"158.42472";"PEVEK"
"Rusko";"APS-1 OBNINSK";"uzavøená";6;1951;1954;2002;"55.08417";"36.56972";"OBNINSK"
"Rusko";"BALAKOVO-1";"funkèní";1000;1980;1985;;"52.0915";"47.9519";"BALAKOVO"
"Rusko";"BALAKOVO-2";"funkèní";1000;1981;1987;;"52.0915";"47.9519";"BALAKOVO"
"Rusko";"BALAKOVO-3";"funkèní";1000;1982;1988;;"52.0915";"47.9519";"BALAKOVO"
"Rusko";"BALAKOVO-4";"funkèní";1000;1984;1993;;"52.0915";"47.9519";"BALAKOVO"
"Rusko";"BALTIC-1";"výstavba";1194;2012;;;"54.93889";"22.16111";"Neman"
"Rusko";"BELOYARSK-1";"uzavøená";108;1958;1964;1983;"56.84167";"61.3225";"ZARECHNYY"
"Rusko";"BELOYARSK-2";"uzavøená";160;1962;1967;1990;"56.84167";"61.3225";"ZARECHNYY"
"Rusko";"BELOYARSK-3";"funkèní";600;1969;1980;;"56.84167";"61.3225";"ZARECHNYY"
"Rusko";"BELOYARSK-4";"funkèní";885;2006;2015;;"56.84167";"61.3225";"ZARECHNYY"
"Rusko";"BELOYARSK-5";"plánovaná";1220;2025;;;"56.84167";"61.3225";
"Rusko";"BILIBINO-1";"funkèní";12;1970;1974;;"68.0586";"166.492";"Bilibino"
"Rusko";"BILIBINO-2";"funkèní";12;1970;1974;;"68.0586";"166.492";"Bilibino"
"Rusko";"BILIBINO-3";"funkèní";12;1970;1975;;"68.0586";"166.492";"Bilibino"
"Rusko";"BILIBINO-4";"funkèní";12;1970;1976;;"68.0586";"166.492";"Bilibino"
"Rusko";"KALININ-1";"funkèní";1000;1977;1984;;"57.9028";"35.0571";"UDOMLYA"
"Rusko";"KALININ-2";"funkèní";1000;1982;1986;;"57.9028";"35.0571";"UDOMLYA"
"Rusko";"KALININ-3";"funkèní";1000;1985;2004;;"57.9028";"35.0571";"UDOMLYA"
"Rusko";"KALININ-4";"funkèní";1000;1986;2011;;"57.9028";"35.0571";"UDOMLYA"
"Rusko";"KOLA-1";"funkèní";440;1970;1973;;"67.4667";"32.4913";"POLYARNYYE ZORI"
"Rusko";"KOLA-2";"funkèní";440;1970;1974;;"67.4667";"32.4913";"POLYARNYYE ZORI"
"Rusko";"KOLA-3";"funkèní";440;1977;1981;;"67.4667";"32.4913";"POLYARNYYE ZORI"
"Rusko";"KOLA-4";"funkèní";440;1976;1984;;"67.4667";"32.4913";"POLYARNYYE ZORI"
"Rusko";"KURSK-1";"funkèní";1000;1972;1976;;"51.674";"35.6067";"KURCHATOV"
"Rusko";"KURSK-2";"funkèní";1000;1973;1979;;"51.674";"35.6067";"KURCHATOV"
"Rusko";"KURSK-3";"funkèní";1000;1978;1983;;"51.674";"35.6067";"KURCHATOV"
"Rusko";"KURSK-4";"funkèní";1000;1981;1985;;"51.674";"35.6067";"KURCHATOV"
"Rusko";"KURSK 2-1";"plánovaná";1300;2018;;;"51.674";"35.6067";"KURCHATOV"
"Rusko";"KURSK 2-2";"plánovaná";1255;2019;;;"51.674";"35.6067";"KURCHATOV"
"Rusko";"LENINGRAD 2-1";"funkèní";1199;2008;2018;;"59.84722";"29.04361";"SOSNOVYY BOR"
"Rusko";"LENINGRAD 2-2";"výstavba";1199;2010;;;"59.84722";"29.04361";"SOSNOVYY BOR"
"Rusko";"LENINGRAD 2-3";"plánovaná";1170;2018;;;"59.84722";"29.04361";"SOSNOVYY BOR"
"Rusko";"LENINGRAD 2-4";"plánovaná";1170;2019;;;"59.84722";"29.04361";"SOSNOVYY BOR"
"Rusko";"LENINGRAD-1";"funkèní";1000;1970;1973;;"59.84722";"29.04361";"SOSNOVYY BOR"
"Rusko";"LENINGRAD-2";"funkèní";1000;1970;1975;;"59.84722";"29.04361";"SOSNOVYY BOR"
"Rusko";"LENINGRAD-3";"funkèní";1000;1973;1979;;"59.84722";"29.04361";"SOSNOVYY BOR"
"Rusko";"LENINGRAD-4";"funkèní";1000;1975;1981;;"59.84722";"29.04361";"SOSNOVYY BOR"
"Rusko";"NOVOVORONEZH 2-1";"funkèní";1180;2008;2016;;"51.275";"39.2";"NOVOVORONEZH"
"Rusko";"NOVOVORONEZH 2-2";"výstavba";1195;2009;;;"51.275";"39.2";"NOVOVORONEZH"
"Rusko";"NOVOVORONEZH-1";"uzavøená";210;1957;1964;1988;"51.275";"39.2";"NOVOVORONEZH"
"Rusko";"NOVOVORONEZH-2";"uzavøená";365;1964;1969;1990;"51.275";"39.2";"NOVOVORONEZH"
"Rusko";"NOVOVORONEZH-3";"uzavøená";417;1967;1971;2016;"51.275";"39.2";"NOVOVORONEZH"
"Rusko";"NOVOVORONEZH-4";"funkèní";417;1967;1972;;"51.275";"39.2";"NOVOVORONEZH"
"Rusko";"NOVOVORONEZH-5";"funkèní";1000;1974;1980;;"51.275";"39.2";"NOVOVORONEZH"
"Rusko";"ROSTOV-1";"funkèní";1000;1981;2001;;"47.59934";"42.37188";"VOLGODONSK"
"Rusko";"ROSTOV-2";"funkèní";1000;1983;2010;;"47.59934";"42.37188";"VOLGODONSK"
"Rusko";"ROSTOV-3";"funkèní";1000;2009;2014;;"47.59934";"42.37188";"VOLGODONSK"
"Rusko";"ROSTOV-4";"funkèní";1070;2010;2018;;"47.59934";"42.37188";"VOLGODONSK"
"Rusko";"SMOLENSK-1";"funkèní";1000;1975;1982;;"54.1688";"33.2448";"DESNOGORSK"
"Rusko";"SMOLENSK-2";"funkèní";1000;1976;1985;;"54.1688";"33.2448";"DESNOGORSK"
"Rusko";"SMOLENSK-3";"funkèní";1000;1984;1990;;"54.1688";"33.2448";"DESNOGORSK"
"Rusko";"SMOLENSK 2-1";"plánovaná";1250;2022;;;"54.1688";"33.2448";"DESNOGORSK"
"Rusko";"SMOLENSK 2-2";"plánovaná";1250;2024;;;"54.1688";"33.2448";"DESNOGORSK"
"Rusko";"DIMITROVGRAD";"plánovaná";100;2017;;;;;"Dimitrovgrad"
"Rusko";"SEVERSK";"plánovaná";300;2018;;;;;"Seversk"
"Rusko";"NIZHNY-NOVGOROD-1";"plánovaná";1255;2023;;;;;"Nizhny Novgorod"
"Rusko";"NIZHNY-NOVGOROD-2";"plánovaná";1255;2025;;;;;"Nizhny Novgorod"
"Slovensko";"BOHUNICE A1";"uzavøená";143;1958;1972;1977;"48.49444";"17.68194";"Jaslovské Bohunice"
"Slovensko";"BOHUNICE-1";"uzavøená";440;1972;1978;2006;"48.49444";"17.68194";"Jaslovske Bohunice"
"Slovensko";"BOHUNICE-2";"uzavøená";440;1972;1980;2008;"48.49444";"17.68194";"Jaslovske Bohunice"
"Slovensko";"BOHUNICE-3";"funkèní";505;1976;1984;;"48.49444";"17.68194";"Jaslovske Bohunice"
"Slovensko";"BOHUNICE-4";"funkèní";505;1976;1985;;"48.49444";"17.68194";"Jaslovske Bohunice"
"Slovensko";"BOHUNICE";"plánovaná";1200;2021;;;"48.49444";"17.68194";"Jaslovske Bohunice"
"Slovensko";"MOCHOVCE-1";"funkèní";470;1983;1998;;"48.2609";"18.4547";"LEVICE"
"Slovensko";"MOCHOVCE-2";"funkèní";470;1983;1999;;"48.2609";"18.4547";"LEVICE"
"Slovensko";"MOCHOVCE-3";"výstavba";471;2009;;;"48.2609";"18.4547";"LEVICE"
"Slovensko";"MOCHOVCE-4";"výstavba";471;2009;;;"48.2609";"18.4547";"LEVICE"
"Slovinsko";"KRSKO";"funkèní";727;1975;1981;;"45.9389";"15.516";"KRSKO"
"Jihoafrická republika";"KOEBERG-1";"funkèní";970;1976;1984;;"-33.6773";"18.4334";"DUYNEFONTEIN"
"Jihoafrická republika";"KOEBERG-2";"funkèní";970;1976;1985;;"-33.6773";"18.4334";"DUYNEFONTEIN"
"Španìlsko";"ALMARAZ-1";"funkèní";1049;1973;1981;;"39.8074";"-5.69769";"ALMARAZ"
"Španìlsko";"ALMARAZ-2";"funkèní";1044;1973;1983;;"39.8074";"-5.69769";"ALMARAZ"
"Španìlsko";"ASCO-1";"funkèní";1033;1974;1983;;"41.2016";"0.57136";"ASCO"
"Španìlsko";"ASCO-2";"funkèní";1035;1975;1985;;"41.2016";"0.57136";"ASCO"
"Španìlsko";"COFRENTES";"funkèní";1102;1975;1984;;"39.2162";"-1.05132";"COFRENTES"
"Španìlsko";"JOSE CABRERA-1";"uzavøená";150;1964;1968;2006;"40.34917";"-2.88444";"ALMONACID DE ZORITA"
"Španìlsko";"SANTA MARIA DE GARONA";"uzavøená";466;1966;1971;2012;"42.7753";"-3.20535";"SANTA MARIA DE GARONA"
"Španìlsko";"TRILLO-1";"funkèní";1066;1979;1988;;"40.6993";"-2.62211";"TRILLO"
"Španìlsko";"VANDELLOS-1";"uzavøená";500;1968;1972;1990;"40.95139";"0.86667";"VANDELLOS"
"Španìlsko";"VANDELLOS-2";"funkèní";1087;1980;1987;;"40.95139";"0.86667";"VANDELLOS"
"Švédsko";"AGESTA";"uzavøená";12;1957;1964;1974;"59.20602";"18.08287";"AGESTA"
"Švédsko";"BARSEBACK-1";"uzavøená";615;1971;1975;1999;"55.74444";"12.92083";"BARSEBACK"
"Švédsko";"BARSEBACK-2";"uzavøená";615;1973;1977;2005;"55.74444";"12.92083";"BARSEBACK"
"Švédsko";"FORSMARK-1";"funkèní";1022;1973;1980;;"60.4047";"18.1681";"OESTHAMMAR"
"Švédsko";"FORSMARK-2";"funkèní";1158;1975;1981;;"60.4047";"18.1681";"OESTHAMMAR"
"Švédsko";"FORSMARK-3";"funkèní";1203;1979;1985;;"60.4047";"18.1681";"OESTHAMMAR"
"Švédsko";"OSKARSHAMN-1";"uzavøená";492;1966;1971;2017;"57.4146";"16.6658";"OSKARSHAMN"
"Švédsko";"OSKARSHAMN-2";"uzavøená";661;1969;1974;2016;"57.4146";"16.6658";"OSKARSHAMN"
"Švédsko";"OSKARSHAMN-3";"funkèní";1450;1980;1985;;"57.4146";"16.6658";"OSKARSHAMN"
"Švédsko";"RINGHALS-1";"funkèní";910;1969;1974;;"57.259";"12.1112";"RINGHALS"
"Švédsko";"RINGHALS-2";"funkèní";963;1970;1974;;"57.259";"12.1112";"RINGHALS"
"Švédsko";"RINGHALS-3";"funkèní";1117;1972;1980;;"57.259";"12.1112";"RINGHALS"
"Švédsko";"RINGHALS-4";"funkèní";1171;1973;1982;;"57.259";"12.1112";"RINGHALS"
"Švýcarsko";"BEZNAU-1";"funkèní";380;1965;1969;;"47.552";"8.22946";"BEZNAU"
"Švýcarsko";"BEZNAU-2";"funkèní";380;1968;1971;;"47.552";"8.22946";"BEZNAU"
"Švýcarsko";"GOESGEN";"funkèní";1060;1973;1979;;"47.3663";"7.96898";"DAENIKEN"
"Švýcarsko";"LEIBSTADT";"funkèní";1275;1974;1984;;"47.6012";"8.18341";"LEIBSTADT"
"Švýcarsko";"LUCENS";"uzavøená";7;1962;1968;1969;"46.69278";"6.8275";"1522 Lucens"
"Švýcarsko";"MUEHLEBERG";"funkèní";390;1967;1971;;"46.969";"7.26622";"MUEHLEBERG"
"Turecko";"AKKUYU-1";"výstavba";1180;2018;;;;;"Akkuyu"
"Turecko";"AKKUYU-2";"plánovaná";1200;2019;;;;;"Akkuyu"
"Turecko";"AKKUYU-3";"plánovaná";1200;2020;;;;;"Akkuyu"
"Turecko";"AKKUYU-4";"plánovaná";1200;2021;;;;;"Akkuyu"
"Ukrajina";"CHERNOBYL-1";"uzavøená";800;1970;1977;1996;"51.38985";"30.09405";"PRIPYAT"
"Ukrajina";"CHERNOBYL-2";"uzavøená";1000;1973;1978;1991;"51.38985";"30.09405";"PRIPYAT"
"Ukrajina";"CHERNOBYL-3";"uzavøená";1000;1976;1981;2000;"51.38985";"30.09405";"PRIPYAT"
"Ukrajina";"CHERNOBYL-4";"uzavøená";1000;1985;1983;1986;"51.38985";"30.09405";"PRIPYAT"
"Ukrajina";"KHMELNITSKI-1";"funkèní";1000;1981;1987;;"50.3007";"26.6493";"NETESHIN"
"Ukrajina";"KHMELNITSKI-2";"funkèní";1000;1985;2004;;"50.3007";"26.6493";"NETESHIN"
"Ukrajina";"KHMELNITSKI-3";"výstavba";1089;1986;;;"50.3007";"26.6493";"NETESHIN"
"Ukrajina";"KHMELNITSKI-4";"výstavba";1089;1987;;;"50.3007";"26.6493";"NETESHIN"
"Ukrajina";"ROVNO-1";"funkèní";420;1973;1980;;"51.3261";"25.8996";"KUZNETSOVSK"
"Ukrajina";"ROVNO-2";"funkèní";415;1973;1981;;"51.3261";"25.8996";"KUZNETSOVSK"
"Ukrajina";"ROVNO-3";"funkèní";1000;1980;1986;;"51.3261";"25.8996";"KUZNETSOVSK"
"Ukrajina";"ROVNO-4";"funkèní";1000;1986;2004;;"51.3261";"25.8996";"KUZNETSOVSK"
"Ukrajina";"SOUTH UKRAINE-1";"funkèní";1000;1976;1982;;"47.8113";"31.2199";"NIKOLAYEV OBLAST"
"Ukrajina";"SOUTH UKRAINE-2";"funkèní";1000;1981;1985;;"47.8113";"31.2199";"NIKOLAYEV OBLAST"
"Ukrajina";"SOUTH UKRAINE-3";"funkèní";1000;1984;1989;;"47.8113";"31.2199";"NIKOLAYEV OBLAST"
"Ukrajina";"ZAPOROZHYE-1";"funkèní";1000;1980;1984;;"47.51222";"34.58583";"ENERGODAR"
"Ukrajina";"ZAPOROZHYE-2";"funkèní";1000;1981;1985;;"47.51222";"34.58583";"ENERGODAR"
"Ukrajina";"ZAPOROZHYE-3";"funkèní";1000;1982;1986;;"47.51222";"34.58583";"ENERGODAR"
"Ukrajina";"ZAPOROZHYE-4";"funkèní";1000;1983;1987;;"47.51222";"34.58583";"ENERGODAR"
"Ukrajina";"ZAPOROZHYE-5";"funkèní";1000;1985;1989;;"47.51222";"34.58583";"ENERGODAR"
"Ukrajina";"ZAPOROZHYE-6";"funkèní";1000;1986;1995;;"47.51222";"34.58583";"ENERGODAR"
"Spojené arabské emiráty";"BARAKAH-1";"výstavba";1400;2012;;;"23.9677";"52.2315";"Ruwais"
"Spojené arabské emiráty";"BARAKAH-2";"výstavba";1400;2013;;;"23.9677";"52.2315";"Ruwais"
"Spojené arabské emiráty";"BARAKAH-3";"výstavba";1400;2014;;;"23.9677";"52.2315";"Ruwais"
"Spojené arabské emiráty";"BARAKAH-4";"výstavba";1400;2015;;;"23.9677";"52.2315";"Ruwais"
"Spojené království";"BERKELEY-1";"uzavøená";166;1957;1962;1989;"51.6925";"-2.49361";"RIVER SEVERN"
"Spojené království";"BERKELEY-2";"uzavøená";166;1957;1962;1988;"51.6925";"-2.49361";"RIVER SEVERN"
"Spojené království";"BRADWELL-1";"uzavøená";146;1957;1962;2002;"51.74139";"0.89694";"BLACKWATER ESTUARY"
"Spojené království";"BRADWELL-2";"uzavøená";146;1957;1962;2002;"51.74139";"0.89694";"BLACKWATER ESTUARY"
"Spojené království";"CALDER HALL-1";"uzavøená";60;1953;1956;2003;"54.4205";"-3.4975";"SEASCALE"
"Spojené království";"CALDER HALL-2";"uzavøená";60;1953;1957;2003;"54.4205";"-3.4975";"SEASCALE"
"Spojené království";"CALDER HALL-3";"uzavøená";60;1955;1958;2003;"54.4205";"-3.4975";"SEASCALE"
"Spojené království";"CALDER HALL-4";"uzavøená";60;1955;1959;2003;"54.4205";"-3.4975";"SEASCALE"
"Spojené království";"CHAPELCROSS-1";"uzavøená";60;1955;1959;2004;"55.01566";"-3.22605";"ANNAN"
"Spojené království";"CHAPELCROSS-2";"uzavøená";60;1955;1959;2004;"55.01566";"-3.22605";"ANNAN"
"Spojené království";"CHAPELCROSS-3";"uzavøená";60;1955;1959;2004;"55.01566";"-3.22605";"ANNAN"
"Spojené království";"CHAPELCROSS-4";"uzavøená";60;1955;1960;2004;"55.01566";"-3.22605";"ANNAN"
"Spojené království";"DOUNREAY DFR";"uzavøená";15;1955;1962;1977;"58.57814";"-3.75233";"DOUNREAY CAITHNESS"
"Spojené království";"DOUNREAY PFR";"uzavøená";250;1966;1975;1994;"58.57814";"-3.75233";"DOUNREAY"
"Spojené království";"DUNGENESS A-1";"uzavøená";230;1960;1965;2006;"50.91389";"0.96389";"ROMNEY MARSH"
"Spojené království";"DUNGENESS A-2";"uzavøená";230;1960;1965;2006;"50.91389";"0.96389";"ROMNEY MARSH"
"Spojené království";"DUNGENESS B-1";"funkèní";615;1965;1983;;"50.91389";"0.96389";"Romney Marsh"
"Spojené království";"DUNGENESS B-2";"funkèní";615;1965;1985;;"50.91389";"0.96389";"Romney Marsh"
"Spojené království";"HARTLEPOOL A-1";"funkèní";655;1968;1983;;"54.635";"-1.18083";"HARTLEPOOL"
"Spojené království";"HARTLEPOOL A-2";"funkèní";655;1968;1984;;"54.635";"-1.18083";"HARTLEPOOL"
"Spojené království";"HEYSHAM A-1";"funkèní";625;1970;1983;;"54.02889";"-2.91611";"HEYSHAM"
"Spojené království";"HEYSHAM A-2";"funkèní";625;1970;1984;;"54.02889";"-2.91611";"HEYSHAM"
"Spojené království";"HEYSHAM B-1";"funkèní";680;1980;1988;;"54.02889";"-2.91611";"HEYSHAM"
"Spojené království";"HEYSHAM B-2";"funkèní";680;1980;1988;;"54.02889";"-2.91611";"HEYSHAM"
"Spojené království";"HINKLEY POINT A-1";"uzavøená";267;1957;1965;2000;"51.20874";"-3.13374";"HINKLEY POINT"
"Spojené království";"HINKLEY POINT A-2";"uzavøená";267;1957;1965;2000;"51.20874";"-3.13374";"HINKLEY POINT"
"Spojené království";"HINKLEY POINT B-1";"funkèní";655;1967;1976;;"51.20874";"-3.13374";"HINKLEY"
"Spojené království";"HINKLEY POINT B-2";"funkèní";655;1967;1976;;"51.20874";"-3.13374";"HINKLEY"
"Spojené království";"HUNTERSTON A-1";"uzavøená";173;1957;1964;1990;"55.72222";"-4.89";"HUNTERSTON"
"Spojené království";"HUNTERSTON A-2";"uzavøená";173;1957;1964;1989;"55.72222";"-4.89";"HUNTERSTON"
"Spojené království";"HUNTERSTON B-1";"funkèní";644;1967;1976;;"55.72222";"-4.89";"HUNTERSTON"
"Spojené království";"HUNTERSTON B-2";"funkèní";644;1980;1977;;"55.72222";"-4.89";"HUNTERSTON"
"Spojené království";"OLDBURY A-1";"uzavøená";230;1962;1967;2012;"51.64889";"-2.57083";"OLDBURY ON SEVERN"
"Spojené království";"OLDBURY A-2";"uzavøená";230;1962;1968;2011;"51.64889";"-2.57083";"OLDBURY ON SEVERN"
"Spojené království";"SIZEWELL A-1";"uzavøená";245;1961;1966;2006;"52.215";"1.61972";"SIZEWELL"
"Spojené království";"SIZEWELL A-2";"uzavøená";245;1961;1966;2006;"52.215";"1.61972";"SIZEWELL"
"Spojené království";"SIZEWELL B";"funkèní";1250;1988;1995;;"52.215";"1.61972";"Leiston"
"Spojené království";"TORNESS-1";"funkèní";682;1980;1988;;"55.96806";"-2.40917";"DUNBAR"
"Spojené království";"TORNESS-2";"funkèní";682;1980;1989;;"55.96806";"-2.40917";"DUNBAR"
"Spojené království";"TRAWSFYNYDD-1";"uzavøená";235;1959;1965;1991;"52.92486";"-3.94844";"MERIONETHSHIRE"
"Spojené království";"TRAWSFYNYDD-2";"uzavøená";235;1959;1965;1991;"52.92486";"-3.94844";"MERIONETHSHIRE"
"Spojené království";"WINDSCALE AGR";"uzavøená";36;1958;1963;1981;"54.4205";"-3.4975";"WINDSCALE"
"Spojené království";"WINFRITH SGHWR";"uzavøená";100;1963;1967;1990;"50.682";"-2.261";"DORCHESTER"
"Spojené království";"WYLFA-1";"uzavøená";530;1963;1971;2015;"53.4159";"-4.48044";"ANGLESEY"
"Spojené království";"WYLFA-2";"uzavøená";540;1963;1971;2012;"53.4159";"-4.48044";"ANGLESEY"
"Spojené království";"HINKLEY POINT C-1";"plánovaná";1670;2019;;;"51.20874";"-3.13374";"HINKLEY"
"Spojené království";"HINKLEY POINT C-2";"plánovaná";1670;2020;;;"51.20874";"-3.13374";"HINKLEY"
"Spojené království";"WYLFA-NEWYDD-1";"plánovaná";1380;2019;;;"53.4159";"-4.48044";"Wales"
"Spojené království";"WYLFA-NEWYDD-2";"plánovaná";1380;2019;;;"53.4159";"-4.48044";"Wales"
"Spojené království";"MOORSIDE-1";"plánovaná";1135;2019;;;;;"Moorside"
"Spojené státy";"ANO-1";"funkèní";903;1968;1974;;"35.3103";"-93.2296";"POPE"
"Spojené státy";"ANO-2";"funkèní";1065;1968;1978;;"35.3103";"-93.2296";"POPE"
"Spojené státy";"BEAVER VALLEY-1";"funkèní";959;1970;1976;;"40.6238";"-80.4319";"SHIPPINGPORT"
"Spojené státy";"BEAVER VALLEY-2";"funkèní";958;1974;1987;;"40.6238";"-80.4319";"SHIPPINGPORT"
"Spojené státy";"BIG ROCK POINT";"uzavøená";71;1960;1962;1997;"45.35889";"-85.19722";"CHARLEVOIX"
"Spojené státy";"BONUS";"uzavøená";18;1960;1964;1968;"18.36639";"-67.26861";"Rincon"
"Spojené státy";"BRAIDWOOD-1";"funkèní";1270;1975;1987;;"41.247";"-88.2296";"BRAIDWOOD"
"Spojené státy";"BRAIDWOOD-2";"funkèní";1230;1975;1988;;"41.247";"-88.2296";"BRAIDWOOD"
"Spojené státy";"BROWNS FERRY-1";"funkèní";1155;1967;1973;;"34.7038";"-87.119";"DECATUR"
"Spojené státy";"BROWNS FERRY-2";"funkèní";1155;1967;1974;;"34.7038";"-87.119";"DECATUR"
"Spojené státy";"BROWNS FERRY-3";"funkèní";1155;1968;1976;;"34.7038";"-87.119";"DECATUR"
"Spojené státy";"BRUNSWICK-1";"funkèní";990;1970;1976;;"33.9579";"-78.0071";"SOUTHPORT"
"Spojené státy";"BRUNSWICK-2";"funkèní";960;1970;1975;;"33.9579";"-78.0071";"SOUTHPORT"
"Spojené státy";"BYRON-1";"funkèní";1242;1975;1985;;"42.0744";"-89.2766";"BYRON"
"Spojené státy";"BYRON-2";"funkèní";1210;1975;1987;;"42.0744";"-89.2766";"BYRON"
"Spojené státy";"CALLAWAY-1";"funkèní";1275;1975;1984;;"38.763";"-91.7814";"FULTON"
"Spojené státy";"CALVERT CLIFFS-1";"funkèní";918;1968;1975;;"38.4345";"-76.4389";"LUSBY"
"Spojené státy";"CALVERT CLIFFS-2";"funkèní";911;1968;1976;;"38.4345";"-76.4389";"LUSBY"
"Spojené státy";"CATAWBA-1";"funkèní";1188;1974;1985;;"35.053";"-81.071";"YORK COUNTY"
"Spojené státy";"CATAWBA-2";"funkèní";1188;1974;1986;;"35.053";"-81.071";"YORK COUNTY"
"Spojené státy";"CLINTON-1";"funkèní";1098;1975;1987;;"40.1717";"-88.8335";"HART TOWNSHIP"
"Spojené státy";"COLUMBIA";"funkèní";1190;1972;1984;;"46.47111";"-119.33389";"BENTON"
"Spojené státy";"COMANCHE PEAK-1";"funkèní";1259;1974;1990;;"32.3007";"-97.7865";"GLEN ROSE"
"Spojené státy";"COMANCHE PEAK-2";"funkèní";1250;1974;1993;;"32.3007";"-97.7865";"GLEN ROSE"
"Spojené státy";"COOK-1";"funkèní";1131;1969;1975;;"41.97539";"-86.56591";"BRIDGMAN"
"Spojené státy";"COOK-2";"funkèní";1231;1969;1978;;"41.97539";"-86.56591";"BRIDGMAN"
"Spojené státy";"COOPER";"funkèní";801;1968;1974;;"40.3609";"-95.6434";"BROWNVILLE"
"Spojené státy";"CRYSTAL RIVER-3";"uzavøená";890;1968;1977;2013;"28.9659";"-82.6971";
"Spojené státy";"CVTR";"uzavøená";19;1960;1963;1967;"34.2625";"-81.32917";"Parr"
"Spojené státy";"DAVIS BESSE-1";"funkèní";925;1970;1977;;"41.5969";"-83.0919";"OTTAWA"
"Spojené státy";"DIABLO CANYON-1";"funkèní";1197;1968;1984;;"35.2122";"-120.854";"AVILA BEACH"
"Spojené státy";"DIABLO CANYON-2";"funkèní";1197;1970;1985;;"35.2122";"-120.854";"AVILA BEACH"
"Spojené státy";"DRESDEN-1";"uzavøená";207;1956;1960;1978;"41.38615";"-88.26802";"MORRIS"
"Spojené státy";"DRESDEN-2";"funkèní";950;1966;1970;;"41.38615";"-88.26802";"MORRIS"
"Spojené státy";"DRESDEN-3";"funkèní";935;1966;1971;;"41.38615";"-88.26802";"MORRIS"
"Spojené státy";"DUANE ARNOLD-1";"funkèní";624;1970;1974;;"42.101";"-91.776";"PALO"
"Spojené státy";"ELK RIVER";"uzavøená";24;1959;1963;1968;"45.29517";"-93.5567";
"Spojené státy";"FARLEY-1";"funkèní";918;1970;1977;;"31.2231";"-85.1145";"DOTHAN"
"Spojené státy";"FARLEY-2";"funkèní";928;1970;1981;;"31.2231";"-85.1145";"DOTHAN"
"Spojené státy";"FERMI-1";"uzavøená";65;1956;1966;1972;"41.96278";"-83.2575";"LAGOONA BEACH"
"Spojené státy";"FERMI-2";"funkèní";1198;1972;1986;;"41.96278";"-83.2575";"LAGOONA BEACH"
"Spojené státy";"FITZPATRICK";"funkèní";849;1968;1975;;"43.521";"-76.4026";"OSWEGO"
"Spojené státy";"FORT CALHOUN-1";"uzavøená";512;1968;1973;2016;"41.5202";"-96.076";"FORT CALHOUN"
"Spojené státy";"FORT ST. VRAIN";"uzavøená";342;1968;1976;1989;"40.24444";"-104.87417";"PLATTEVILLE"
"Spojené státy";"GE VALLECITOS";"uzavøená";24;1956;1957;1963;"37.61327";"-121.84016";"Pleasanton, Sunol"
"Spojené státy";"GINNA";"funkèní";608;1966;1969;;"43.27778";"-77.31";"ONTARIO"
"Spojené státy";"GRAND GULF-1";"funkèní";1500;1974;1984;;"32.0069";"-91.0452";"PORT GIBSON"
"Spojené státy";"HADDAM NECK";"uzavøená";603;1964;1967;1996;"41.48194";"-72.49917";"HADDAM NECK"
"Spojené státy";"HALLAM";"uzavøená";84;1959;1963;1964;"40.55925";"-96.78471";"Lincoln"
"Spojené státy";"HARRIS-1";"funkèní";960;1978;1987;;"35.63333";"-78.955";"NEW HILL"
"Spojené státy";"HATCH-1";"funkèní";911;1968;1974;;"31.9347";"-82.3461";"BAXLEY"
"Spojené státy";"HATCH-2";"funkèní";921;1972;1978;;"31.9347";"-82.3461";"BAXLEY"
"Spojené státy";"HOPE CREEK-1";"funkèní";1240;1976;1986;;"39.4668";"-75.5354";"SALEM"
"Spojené státy";"HUMBOLDT BAY";"uzavøená";65;1960;1963;1976;"40.74132";"-124.20904";"EUREKA"
"Spojené státy";"INDIAN POINT-1";"uzavøená";277;1956;1962;1974;"41.26972";"-73.95222";"BUCHANAN"
"Spojené státy";"INDIAN POINT-2";"funkèní";1067;1966;1973;;"41.26972";"-73.95222";"BUCHANAN"
"Spojené státy";"INDIAN POINT-3";"funkèní";1085;1968;1976;;"41.26972";"-73.95222";"BUCHANAN"
"Spojené státy";"KEWAUNEE";"uzavøená";595;1968;1974;2013;"44.4696";"-87.498";"CARLTON"
"Spojené státy";"LACROSSE";"uzavøená";55;1963;1968;1987;"43.56006";"-91.23149";"GENOA"
"Spojené státy";"LASALLE-1";"funkèní";1207;1973;1982;;"41.2461";"-88.6724";"MARSEILLES"
"Spojené státy";"LASALLE-2";"funkèní";1207;1973;1984;;"41.2461";"-88.6724";"MARSEILLES"
"Spojené státy";"LIMERICK-1";"funkèní";1194;1974;1985;;"40.2251";"-75.5835";"LIMERICK"
"Spojené státy";"LIMERICK-2";"funkèní";1194;1974;1989;;"40.2251";"-75.5835";"LIMERICK"
"Spojené státy";"MAINE YANKEE";"uzavøená";900;1968;1972;1997;"43.95176";"-69.69623";"WISCASSET"
"Spojené státy";"MCGUIRE-1";"funkèní";1215;1971;1981;;"35.4333";"-80.9463";"CORNELIUS"
"Spojené státy";"MCGUIRE-2";"funkèní";1215;1971;1983;;"35.4333";"-80.9463";"CORNELIUS"
"Spojené státy";"MILLSTONE-1";"uzavøená";684;1966;1970;1998;"41.31194";"-72.16861";"WATERFORD"
"Spojené státy";"MILLSTONE-2";"funkèní";918;1969;1975;;"41.31194";"-72.16861";"WATERFORD"
"Spojené státy";"MILLSTONE-3";"funkèní";1280;1974;1986;;"41.31194";"-72.16861";"WATERFORD"
"Spojené státy";"MONTICELLO";"funkèní";691;1967;1971;;"45.3337";"-93.8504";"MONTICELLO"
"Spojené státy";"NINE MILE POINT-1";"funkèní";642;1965;1969;;"43.5216";"-76.4124";"SCRIBA"
"Spojené státy";"NINE MILE POINT-2";"funkèní";1320;1975;1987;;"43.5216";"-76.4124";"SCRIBA"
"Spojené státy";"NORTH ANNA-1";"funkèní";990;1971;1978;;"38.0612";"-77.7918";"MINERAL"
"Spojené státy";"NORTH ANNA-2";"funkèní";1011;1971;1980;;"38.0612";"-77.7918";"MINERAL"
"Spojené státy";"OCONEE-1";"funkèní";891;1967;1973;;"34.7964";"-82.8944";"OCONEE"
"Spojené státy";"OCONEE-2";"funkèní";891;1967;1973;;"34.7964";"-82.8944";"OCONEE"
"Spojené státy";"OCONEE-3";"funkèní";900;1967;1974;;"34.7964";"-82.8944";"OCONEE"
"Spojené státy";"OYSTER CREEK";"funkèní";652;1964;1969;;"39.8146";"-74.2077";"FORKED RIVER"
"Spojené státy";"PALISADES";"funkèní";850;1967;1971;;"42.3226";"-86.3161";"SOUTH HAVEN"
"Spojené státy";"PALO VERDE-1";"funkèní";1414;1976;1985;;"33.3873";"-112.863";"WINTERSBURG"
"Spojené státy";"PALO VERDE-2";"funkèní";1414;1976;1986;;"33.3873";"-112.863";"WINTERSBURG"
"Spojené státy";"PALO VERDE-3";"funkèní";1414;1976;1987;;"33.3873";"-112.863";"WINTERSBURG"
"Spojené státy";"PATHFINDER";"uzavøená";63;1959;1966;1967;"43.60361";"-96.6375";
"Spojené státy";"PEACH BOTTOM-1";"uzavøená";42;1962;1967;1974;"39.75833";"-76.26806";"YORK COUNTY"
"Spojené státy";"PEACH BOTTOM-2";"funkèní";1412;1968;1974;;"39.75833";"-76.26806";"YORK COUNTY"
"Spojené státy";"PEACH BOTTOM-3";"funkèní";1412;1968;1974;;"39.75833";"-76.26806";"YORK COUNTY"
"Spojené státy";"PERRY-1";"funkèní";1303;1974;1986;;"41.8006";"-81.1465";"PERRY"
"Spojené státy";"PILGRIM-1";"funkèní";711;1968;1972;;"41.9449";"-70.5776";"PLYMOUTH"
"Spojené státy";"PIQUA";"uzavøená";12;1960;1963;1966;"40.13232";"-84.23477";"Piqua"
"Spojené státy";"POINT BEACH-1";"funkèní";640;1967;1970;;"44.2816";"-87.5343";"TWO CREEKS"
"Spojené státy";"POINT BEACH-2";"funkèní";640;1968;1972;;"44.2816";"-87.5343";"TWO CREEKS"
"Spojené státy";"PRAIRIE ISLAND-1";"funkèní";566;1968;1973;;"44.6223";"-92.6314";"RED WING"
"Spojené státy";"PRAIRIE ISLAND-2";"funkèní";560;1969;1974;;"44.6223";"-92.6314";"RED WING"
"Spojené státy";"QUAD CITIES-1";"funkèní";940;1967;1972;;"41.7268";"-90.3078";"CORDOVA"
"Spojené státy";"QUAD CITIES-2";"funkèní";940;1967;1972;;"41.7268";"-90.3078";"CORDOVA"
"Spojené státy";"RANCHO SECO-1";"uzavøená";917;1969;1974;1989;"38.34528";"-121.12167";"SACRAMENTO"
"Spojené státy";"RIVER BEND-1";"funkèní";1016;1977;1985;;"30.7273";"-91.3716";"ST.FRANCISVILLE"
"Spojené státy";"ROBINSON-2";"funkèní";780;1967;1970;;"34.40278";"-80.15833";"HARTSVILLE"
"Spojené státy";"SALEM-1";"funkèní";1254;1968;1976;;"39.463";"-75.5342";"SALEM"
"Spojené státy";"SALEM-2";"funkèní";1200;1968;1981;;"39.463";"-75.5342";"SALEM"
"Spojené státy";"SAN ONOFRE-1";"uzavøená";456;1964;1967;1992;"33.36889";"-117.555";"SAN CLEMENTE"
"Spojené státy";"SAN ONOFRE-2";"uzavøená";1127;1974;1982;2013;"33.36889";"-117.555";"SAN CLEMENTE"
"Spojené státy";"SAN ONOFRE-3";"uzavøená";1127;1974;1983;2013;"33.36889";"-117.555";"SAN CLEMENTE"
"Spojené státy";"SAXTON";"uzavøená";3;1960;1967;1972;"40.22694";"-78.24194";
"Spojené státy";"SEABROOK-1";"funkèní";1296;1976;1990;;"42.8974";"-70.8493";"SEABROOK"
"Spojené státy";"SEQUOYAH-1";"funkèní";1221;1970;1980;;"35.2277";"-85.0936";"DAISY"
"Spojené státy";"SEQUOYAH-2";"funkèní";1200;1970;1981;;"35.2277";"-85.0936";"DAISY"
"Spojené státy";"SHIPPINGPORT";"uzavøená";68;1954;1957;1982;"40.62111";"-80.43528";
"Spojené státy";"SHOREHAM";"uzavøená";849;1972;1986;1989;"40.96111";"-72.865";"SHOREHAM"
"Spojené státy";"SOUTH TEXAS-1";"funkèní";1354;1975;1988;;"28.7967";"-96.0444";"BAY CITY"
"Spojené státy";"SOUTH TEXAS-2";"funkèní";1354;1975;1989;;"28.7967";"-96.0444";"BAY CITY"
"Spojené státy";"ST. LUCIE-1";"funkèní";1045;1970;1976;;"27.3484";"-80.2439";"FORT PIERCE"
"Spojené státy";"ST. LUCIE-2";"funkèní";1050;1977;1983;;"27.3484";"-80.2439";"FORT PIERCE"
"Spojené státy";"SUMMER-1";"funkèní";1006;1973;1982;;"34.29861";"-81.31472";"JENKINSVILLE"
"Spojené státy";"SUMMER-2";"výstavba";1250;2013;;;"34.29861";"-81.31472";"JENKINSVILLE"
"Spojené státy";"SUMMER-3";"výstavba";1250;2013;;;"34.29861";"-81.31472";"JENKINSVILLE"
"Spojené státy";"SURRY-1";"funkèní";890;1968;1972;;"37.1664";"-76.7003";"GRAVEL NECK"
"Spojené státy";"SURRY-2";"funkèní";890;1968;1973;;"37.1664";"-76.7003";"GRAVEL NECK"
"Spojené státy";"SUSQUEHANNA-1";"funkèní";1330;1973;1982;;"41.0929";"-76.1428";"SALEM"
"Spojené státy";"SUSQUEHANNA-2";"funkèní";1330;1973;1984;;"41.0929";"-76.1428";"SALEM"
"Spojené státy";"THREE MILE ISLAND-1";"funkèní";880;1968;1974;;"40.1539";"-76.727";"DAUPHIN"
"Spojené státy";"THREE MILE ISLAND-2";"uzavøená";959;1969;1978;1979;"40.1539";"-76.727";"DAUPHIN"
"Spojené státy";"TROJAN";"uzavøená";1155;1970;1975;1992;"46.03833";"-122.885";"PRESCOTT"
"Spojené státy";"TURKEY POINT-3";"funkèní";829;1967;1972;;"25.4346";"-80.3301";"FLORIDA CITY"
"Spojené státy";"TURKEY POINT-4";"funkèní";829;1967;1973;;"25.4346";"-80.3301";"FLORIDA CITY"
"Spojené státy";"VERMONT YANKEE";"uzavøená";635;1967;1972;2014;"42.7787";"-72.5143";"VERNON"
"Spojené státy";"VOGTLE-1";"funkèní";1229;1976;1987;;"33.1425";"-81.7596";"WAYNESBORO"
"Spojené státy";"VOGTLE-2";"funkèní";1229;1976;1989;;"33.1425";"-81.7596";"WAYNESBORO"
"Spojené státy";"VOGTLE-3";"výstavba";1250;2013;;;"33.1425";"-81.7596";"WAYNESBORO"
"Spojené státy";"VOGTLE-4";"výstavba";1250;2013;;;"33.1425";"-81.7596";"WAYNESBORO"
"Spojené státy";"WATERFORD-3";"funkèní";1250;1974;1985;;"29.9944";"-90.4708";"TAFT"
"Spojené státy";"WATTS BAR-1";"funkèní";1210;1973;1996;;"35.601";"-84.7893";"SPRING CITY"
"Spojené státy";"WATTS BAR-2";"funkèní";1218;1973;2016;;"35.601";"-84.7893";"SPRING CITY"
"Spojené státy";"WOLF CREEK";"funkèní";1285;1977;1985;;"38.2392";"-95.6905";"BURLINGTON"
"Spojené státy";"YANKEE NPS";"uzavøená";180;1957;1960;1991;"42.72784";"-72.92911";"ROWE"
"Spojené státy";"ZION-1";"uzavøená";1085;1968;1973;1998;"42.44643";"-87.803";"ZION"
"Spojené státy";"ZION-2";"uzavøená";1085;1968;1973;;"42.44643";"-87.803";"ZION"
"Tchaj-wan";"CHINSHAN-1";"funkèní";636;1972;1977;;"25.291389";"121.567778";"SHIHMEN HSIANG"
"Tchaj-wan";"CHINSHAN-2";"funkèní";636;1973;1978;;"25.291389";"121.567778";"SHIHMEN HSIANG"
"Tchaj-wan";"KUOSHENG-1";"funkèní";985;1975;1981;;"25.2025";"121.662";"KUOSHENG"
"Tchaj-wan";"KUOSHENG-2";"funkèní";985;1976;1982;;"25.2025";"121.662";"KUOSHENG"
"Tchaj-wan";"LUNGMEN 1";"výstavba";1350;1999;;;"25.03861";"121.92417";"GONGLIAD"
"Tchaj-wan";"LUNGMEN 2";"výstavba";1350;1999;;;"25.03861";"121.92417";"GONGLIAD"
"Tchaj-wan";"MAANSHAN-1";"funkèní";951;1978;1984;;"21.9585";"120.753";"HENG CHUN"
"Tchaj-wan";"MAANSHAN-2";"funkèní";951;1979;1985;;"21.9585";"120.753";"HENG CHUN"
"Èína";"CEFR";"funkèní";25;2000;2011;;"39.74389";"116.03611";"Tuoli"
"Èína";"CHANGJIANG-1";"funkèní";650;2010;2015;;"19.46075";"108.89992";"Changjiang"
"Èína";"CHANGJIANG-2";"funkèní";650;2010;2016;;"19.46075";"108.89992";"Changjiang"
"Èína";"DAYA BAY-1";"funkèní";984;1987;1993;;"22.59722";"114.54444";"SHENZHEN CITY"
"Èína";"DAYA BAY-2";"funkèní";984;1988;1994;;"22.59722";"114.54444";"SHENZHEN CITY"
"Èína";"FANGCHENGGANG-1";"funkèní";1086;2010;2015;;"21.67667";"108.56056";"Fangchenggang"
"Èína";"FANGCHENGGANG-2";"funkèní";1086;2010;2016;;"21.67667";"108.56056";"Fangchenggang"
"Èína";"FANGCHENGGANG-3";"výstavba";1180;2015;;;"21.67667";"108.56056";"Fangchenggang"
"Èína";"FANGCHENGGANG-4";"výstavba";1180;2016;;;"21.67667";"108.56056";"Fangchenggang"
"Èína";"FANGJIASHAN-1";"funkèní";1089;2008;2014;;"30.44139";"120.94167";"Jiaxing"
"Èína";"FANGJIASHAN-2";"funkèní";1089;2009;2015;;"30.44139";"120.94167";"Jiaxing"
"Èína";"FUQING-1";"funkèní";1089;2008;2014;;"25.44417";"119.44611";"Fuqing"
"Èína";"FUQING-2";"funkèní";1089;2009;2015;;"25.44417";"119.44611";"Fuqing"
"Èína";"FUQING-3";"funkèní";1089;2010;2016;;"25.44583";"119.44722";"Fuqing"
"Èína";"FUQING-4";"funkèní";1089;2012;2017;;"25.44583";"119.44722";"Fuqing"
"Èína";"FUQING-5";"výstavba";1150;2015;;;"25.44583";"119.44722";"Fuqing"
"Èína";"FUQING-6";"výstavba";1150;2015;;;"25.44583";"119.44722";"Fuqing"
"Èína";"HAIYANG-1";"výstavba";1250;2009;;;"36.70833";"121.38333";"Haiyang"
"Èína";"HAIYANG-2";"výstavba";1250;2010;;;"36.70833";"121.38333";"Haiyang"
"Èína";"HONGYANHE-1";"funkèní";1119;2007;2013;;"39.79778";"121.47194";"DALIAN"
"Èína";"HONGYANHE-2";"funkèní";1119;2008;2013;;"39.79778";"121.47194";"DALIAN"
"Èína";"HONGYANHE-3";"funkèní";1119;2009;2015;;"39.79778";"121.47194";"DALIAN"
"Èína";"HONGYANHE-4";"funkèní";1119;2009;2016;;"39.79778";"121.47194";"DALIAN"
"Èína";"HONGYANHE-5";"výstavba";1119;2015;;;"39.79778";"121.47194";"DALIAN"
"Èína";"HONGYANHE-6";"výstavba";1119;2015;;;"39.79778";"121.47194";"DALIAN"
"Èína";"LING AO-1";"funkèní";990;1997;2002;;"22.60472";"114.55139";"SHENZEN"
"Èína";"LING AO-2";"funkèní";990;1997;2002;;"22.60472";"114.55139";"SHENZEN"
"Èína";"LING AO-3";"funkèní";1086;2005;2010;;"22.60472";"114.55139";"SHENZEN"
"Èína";"LING AO-4";"funkèní";1086;2006;2011;;"22.60472";"114.55139";"SHENZEN"
"Èína";"NINGDE-1";"funkèní";1089;2008;2012;;"27.04611";"120.28833";"Ningde"
"Èína";"NINGDE-2";"funkèní";1089;2008;2014;;"27.04611";"120.28833";"Ningde"
"Èína";"NINGDE-3";"funkèní";1089;2010;2015;;"27.04611";"120.28833";"Ningde"
"Èína";"NINGDE-4";"funkèní";1089;2010;2016;;"27.04611";"120.28833";"Ningde"
"Èína";"QINSHAN 2-1";"funkèní";650;1996;2002;;"30.43556";"120.95639";"Jiaxing"
"Èína";"QINSHAN 2-2";"funkèní";650;1997;2004;;"30.43556";"120.95639";"Jiaxing"
"Èína";"QINSHAN 2-3";"funkèní";660;2006;2010;;"30.43556";"120.95639";"Jiaxing"
"Èína";"QINSHAN 2-4";"funkèní";660;2007;2011;;"30.43556";"120.95639";"Jiaxing"
"Èína";"QINSHAN 3-1";"funkèní";728;1998;2002;;"30.43556";"120.95639";"Jiaxing"
"Èína";"QINSHAN 3-2";"funkèní";728;1998;2003;;"30.43556";"120.95639";"Jiaxing"
"Èína";"QINSHAN-1";"funkèní";310;1985;1991;;"30.43556";"120.95639";"Jiaxing"
"Èína";"SANMEN-1";"výstavba";1251;2009;;;"29.10111";"121.64194";"Taizhou"
"Èína";"SANMEN-2";"výstavba";1251;2009;;;"29.10111";"121.64194";"Taizhou"
"Èína";"SHIDAO BAY-1";"výstavba";211;2012;;;"36.96667";"122.5";"Weihai"
"Èína";"TAISHAN-1";"výstavba";1750;2009;;;"21.91778";"112.98194";"Taishan"
"Èína";"TAISHAN-2";"výstavba";1750;2010;;;"21.91778";"112.98194";"Taishan"
"Èína";"TIANWAN-1";"funkèní";1060;1999;2006;;"34.6898";"119.456";"Lianyungang"
"Èína";"TIANWAN-2";"funkèní";1060;2000;2007;;"34.6898";"119.456";"Lianyungang"
"Èína";"TIANWAN-3";"funkèní";1126;2012;2017;;"34.6898";"119.456";"Lianyungang"
"Èína";"TIANWAN-4";"výstavba";1126;2013;;;"34.6898";"119.456";"Lianyungang"
"Èína";"TIANWAN-5";"výstavba";1118;2015;;;"34.6898";"119.456";"Lianyungang"
"Èína";"TIANWAN-6";"výstavba";1118;2016;;;"34.6898";"119.456";"Lianyungang"
"Èína";"YANGJIANG-1";"funkèní";1086;2008;2013;;"21.70833";"112.26111";"Yangjiang"
"Èína";"YANGJIANG-2";"funkèní";1086;2009;2015;;"21.70833";"112.26111";"Yangjiang"
"Èína";"YANGJIANG-3";"funkèní";1086;2010;2015;;"21.70833";"112.26111";"Yangjiang"
"Èína";"YANGJIANG-4";"funkèní";1086;2012;2017;;"21.70833";"112.26111";"Yangjiang"
"Èína";"YANGJIANG-5";"výstavba";1086;2013;;;"21.70833";"112.26111";"Yangjiang"
"Èína";"YANGJIANG-6";"výstavba";1086;2013;;;"21.70833";"112.26111";"Yangjiang"
"Èína";"SHANDONG-SHIDAOWAN";"výstavba";210;2012;;;;;"Shandong"
"Èína";"XIAPU-1";"výstavba";600;2017;;;;;"Fujian"
"Èína";"BOHAI SHIPYARD FNPP";"plánovaná";60;2016;;;;;"Liaoning"
"Èína";"SHIDAOWAN-1";"plánovaná";1400;2018;;;;;"Shandong"
"Èína";"SHIDAOWAN-2";"plánovaná";1400;2018;;;;;"Shandong"
"Èína";"XUDABAO-1";"plánovaná";1250;2018;;;;;"Liaoning"
"Èína";"XUDABAO-2";"plánovaná";1250;2018;;;;;"Liaoning"
"Èína";"HAIYANG-3";"plánovaná";1250;2018;;;"36.70833";"121.38333";"Haiyang"
"Èína";"HAIYANG-4";"plánovaná";1250;2018;;;"36.70833";"121.38333";"Haiyang"
"Èína";"LUFENG-1";"plánovaná";1250;2018;;;;;"Guangdong"
"Èína";"LUFENG-2";"plánovaná";1250;2018;;;;;"Guangdong"
"Èína";"SANMEN-3";"plánovaná";1250;2018;;;"29.10111";"121.64194";"Zhejiang"
"Èína";"SANMEN-4";"plánovaná";1250;2018;;;"29.10111";"121.64194";"Zhejiang"
"Èína";"NINGDE-5";"plánovaná";1150;2018;;;"27.04611";"120.28833";"Fujian"
"Èína";"NINGDE-6";"plánovaná";1150;2018;;;"27.04444";"120.28333";"Fujian"
"Èína";"ZHANGZHOU-1";"plánovaná";1150;2018;;;;;"Fujian"
"Èína";"ZHANGZHOU-2";"plánovaná";1150;2018;;;;;"Fujian"
"Èína";"HUIZHOU-1";"plánovaná";1150;2018;;;;;"Guangdong"
"Èína";"HUIZHOU-2";"plánovaná";1150;2018;;;;;"Guangdong"
"Èína";"LIANJIANG-1";"plánovaná";1250;2018;;;;;"Guangdong"
"Èína";"LIANJIANG-2";"plánovaná";1250;2018;;;;;"Guangdong"
"Èína";"HAIXING-1";"plánovaná";1250;2018;;;;;"Hebei"
"Èína";"HAIXING-2";"plánovaná";1250;2018;;;;;"Hebei"
"Èína";"FANGCHENGGANG-5";"plánovaná";1150;2015;;;"21.67667";"108.56056";"Fangchenggang"
"Èína";"FANGCHENGGANG-6";"plánovaná";1150;2016;;;"21.67667";"108.56056";"Fangchenggang"
"Èína";"BAILONG-1";"plánovaná";1250;2018;;;;;"Guangxi"
"Èína";"BAILONG-2";"plánovaná";1250;2018;;;;;"Guangxi"
"Èína";"CHANGJIANG-SMR-1";"plánovaná";100;2018;;;;;"Hainan"
"Èína";"CHANGJIANG-SMR-2";"plánovaná";100;2018;;;;;"Hainan"
"Èína";"TAISHAN-3";"plánovaná";1750;2018;;;"21.91778";"112.98194";"Taishan"
"Èína";"TAISHAN-4";"plánovaná";1750;2018;;;"21.91778";"112.98194";"Taishan"
"Èína";"CHANGJIANG-3";"plánovaná";1150;2018;;;;;"Hainan"
"Èína";"CHANGJIANG-4";"plánovaná";1150;2018;;;;;"Hainan"
"Èína";"TAOHUAJIANG-1";"plánovaná";1250;2018;;;;;"Hunan "
"Èína";"TAOHUAJIANG-2";"plánovaná";1250;2018;;;;;"Hunan "
"Èína";"TAOHUAJIANG-3";"plánovaná";1250;2018;;;;;"Hunan "
"Èína";"TAOHUAJIANG-4";"plánovaná";1250;2018;;;;;"Hunan "
"Èína";"PENGZE-1";"plánovaná";1250;2018;;;;;"Jiangxi "
"Èína";"PENGZE-2";"plánovaná";1250;2018;;;;;"Jiangxi "
"Èína";"XIANNING-1";"plánovaná";1250;2018;;;;;"Hubei"
"Èína";"XIANNING-2";"plánovaná";1250;2018;;;;;"Hubei"
"Èína";"RUIJIN-1";"plánovaná";600;2022;;;;;"Jiangxi "
